순위,선수명,팀명,ERA,G,W,L,SV,HLD,WPCT,IP,H,HR,BB,HBP,SO,R,ER,WHIP,CG,SHO,QS,BSV,TBF,NP,AVG,2B,3B,SAC,SF,IBB,WP,BK,GS,Wgs,Wgr,GF,SVO,TS,GDP,GO,AO,GO/AO,BABIP,P/G,P/IP,K/9,BB/9,K/BB,OBP,SLG,OPS
1,이종준,LG,0.0,2,0,0,0,0,-,1 2/3,0,0,1,0,2,0,0,0.6,0,0,0,0,6,33,0.0,0,0,0,0,0,0,0,0,0,0,2,0,0,0,3,0,-,0.0,16.5,19.8,10.8,5.4,2.00,0.167,0.0,0.167
2,김강률,LG,1.46,12,1,0,1,4,1.000,12 1/3,7,0,8,1,9,2,2,1.22,0,0,0,0,51,182,0.167,1,0,0,0,0,0,0,0,0,1,4,4,0,2,16,10,1.60,0.212,15.2,14.8,6.57,5.84,1.13,0.314,0.19,0.504
3,이우찬,LG,1.89,23,0,1,0,0,0.000,19,13,0,14,1,20,6,4,1.42,0,0,0,0,86,338,0.186,2,0,1,0,0,3,0,0,0,0,6,4,0,0,18,19,0.95,0.26,14.7,17.8,9.47,6.63,1.43,0.329,0.214,0.543
4,김영우,LG,2.4,66,3,2,1,7,0.600,60,49,2,30,3,56,17,16,1.32,0,0,0,3,255,957,0.228,13,0,5,2,2,5,0,0,0,3,11,14,0,6,53,59,0.90,0.296,14.5,16.0,8.4,4.5,1.87,0.328,0.316,0.644
5,유영찬,LG,2.63,39,2,2,21,1,0.500,41,31,2,23,3,52,14,12,1.32,0,0,0,1,177,672,0.208,7,0,1,1,3,3,0,0,0,2,35,23,7,3,37,30,1.23,0.302,17.2,16.4,11.41,5.05,2.26,0.324,0.295,0.619
6,톨허스트,LG,2.86,8,6,2,0,0,0.750,44,39,2,16,2,45,15,14,1.25,0,0,5,0,184,713,0.238,7,1,1,1,1,1,0,8,6,0,0,0,0,4,43,38,1.13,0.314,89.1,16.2,9.2,3.27,2.81,0.311,0.329,0.64
7,임찬규,LG,3.03,27,11,7,0,0,0.611,160 1/3,163,9,40,6,107,61,54,1.27,1,1,15,0,670,2490,0.265,38,3,5,4,1,1,0,27,11,0,1,0,0,19,175,174,1.01,0.306,92.2,15.5,6.01,2.25,2.68,0.314,0.38,0.694
8,치리노스,LG,3.31,30,13,6,0,0,0.684,177,173,5,36,9,137,71,65,1.18,0,0,17,0,737,2809,0.253,26,1,8,1,0,4,0,30,13,0,0,0,0,11,251,123,2.04,0.31,93.6,15.9,6.97,1.83,3.81,0.299,0.316,0.615
9,손주영,LG,3.41,30,11,6,0,0,0.647,153,153,8,49,4,132,67,58,1.32,0,0,14,0,644,2496,0.262,20,2,5,3,0,6,0,27,11,0,0,0,0,23,187,114,1.64,0.325,83.2,16.3,7.76,2.88,2.69,0.322,0.345,0.667
10,김진성,LG,3.44,78,6,4,1,33,0.600,70 2/3,61,7,24,0,63,28,27,1.2,0,0,0,7,291,1235,0.236,7,3,2,7,1,1,0,0,0,6,2,35,0,3,51,90,0.57,0.277,15.8,17.5,8.02,3.06,2.63,0.294,0.368,0.662
11,송승기,LG,3.5,28,11,6,0,0,0.647,144,149,15,49,1,125,61,56,1.38,0,0,10,0,629,2523,0.261,25,1,5,4,0,2,0,27,11,0,0,0,0,6,109,191,0.57,0.309,90.1,17.5,7.81,3.06,2.55,0.319,0.388,0.707
12,백승현,LG,3.9,33,1,0,0,2,1.000,30,28,2,28,1,27,13,13,1.87,0,0,0,0,146,583,0.246,3,1,2,1,1,3,0,0,0,1,9,5,0,1,30,30,1.00,0.302,17.7,19.4,8.1,8.4,0.96,0.396,0.342,0.738
13,에르난데스,LG,4.23,14,4,4,0,0,0.500,66,53,7,24,5,73,32,31,1.17,0,0,7,0,276,1142,0.219,14,0,0,5,0,3,0,14,4,0,0,0,0,2,49,72,0.68,0.275,81.6,17.3,9.95,3.27,3.04,0.297,0.364,0.661
14,장현식,LG,4.35,56,3,3,10,5,0.500,49 2/3,65,4,21,5,38,27,24,1.73,0,0,0,1,234,884,0.317,16,1,3,0,1,4,0,0,0,3,14,18,1,7,63,39,1.62,0.374,15.8,17.8,6.89,3.81,1.81,0.394,0.463,0.857
15,우강훈,LG,4.66,11,0,0,0,0,-,9 2/3,12,0,6,2,5,5,5,1.86,0,0,0,0,46,180,0.324,2,0,0,1,0,0,0,0,0,0,4,0,0,4,13,8,1.63,0.364,16.4,18.6,4.66,5.59,0.83,0.435,0.378,0.813
16,박명근,LG,4.89,44,3,4,4,10,0.429,38 2/3,36,5,16,5,30,21,21,1.34,0,0,0,1,168,638,0.25,5,1,2,1,2,0,1,0,0,3,13,14,0,3,36,43,0.84,0.282,14.5,16.5,6.98,3.72,1.88,0.343,0.403,0.746
17,이정용,LG,5.03,39,6,1,1,7,0.857,34,32,3,12,2,26,19,19,1.29,0,0,0,1,139,575,0.258,3,1,1,0,0,0,0,0,0,6,3,12,0,7,30,36,0.83,0.305,14.7,16.9,6.88,3.18,2.17,0.333,0.371,0.704
18,최채흥,LG,5.28,13,0,1,0,2,0.000,29,35,3,14,1,21,17,17,1.69,0,0,0,0,132,507,0.302,6,2,0,1,0,2,0,4,0,0,3,1,0,2,24,37,0.65,0.344,39.0,17.5,6.52,4.34,1.50,0.379,0.466,0.845
19,이지강,LG,5.32,43,1,2,3,4,0.333,47 1/3,50,4,24,1,39,29,28,1.56,0,0,0,1,211,883,0.27,9,2,0,1,0,1,1,1,0,1,7,9,0,4,53,44,1.20,0.322,20.5,18.7,7.42,4.56,1.63,0.355,0.405,0.76
20,김종운,LG,5.4,2,0,0,0,0,-,1 2/3,2,2,0,0,2,3,1,1.2,0,0,0,0,7,31,0.286,0,0,0,0,0,0,0,0,0,0,2,0,0,1,2,1,2.00,0.0,15.5,18.6,10.8,0.0,-,0.286,1.143,1.429
21,배재준,LG,5.54,14,0,0,0,1,-,13,9,1,7,1,14,8,8,1.23,0,0,0,0,56,234,0.191,4,0,0,1,0,1,0,0,0,0,5,2,0,0,12,13,0.92,0.242,16.7,18.0,9.69,4.85,2.00,0.304,0.34,0.644
22,함덕주,LG,6.0,31,2,3,0,1,0.400,27,14,1,18,0,26,19,18,1.19,0,0,0,0,113,463,0.159,5,0,4,3,0,3,0,0,0,2,5,1,0,1,15,36,0.42,0.203,14.9,17.1,8.67,6.0,1.44,0.294,0.25,0.544
23,코엔 윈,LG,7.04,5,1,1,0,0,0.500,23,28,4,4,5,8,19,18,1.39,0,0,1,0,107,408,0.295,7,0,2,1,0,0,0,5,1,0,0,0,0,1,31,29,1.07,0.286,81.6,17.7,3.13,1.57,2.00,0.352,0.495,0.847
24,김진수,LG,9.0,4,0,0,0,0,-,5,11,2,1,0,6,5,5,2.4,0,0,0,0,27,104,0.423,3,0,0,0,0,0,0,0,0,0,3,0,0,0,4,5,0.80,0.5,26.0,20.8,10.8,1.8,6.00,0.444,0.769,1.213
24,성동현,LG,9.0,12,0,0,0,0,-,9,10,2,9,0,6,9,9,2.11,0,0,0,0,45,201,0.286,0,0,1,0,0,1,0,0,0,0,6,0,0,0,10,9,1.11,0.296,16.8,22.3,6.0,9.0,0.67,0.432,0.457,0.889
26,김유영,LG,12.46,6,0,0,0,0,-,4 1/3,8,0,4,1,5,6,6,2.77,0,0,0,0,26,108,0.4,3,0,1,0,0,0,0,0,0,0,4,0,0,0,2,5,0.40,0.533,18.0,24.9,10.38,8.31,1.25,0.52,0.55,1.07
27,박시원,LG,13.5,2,0,0,0,0,-,1 1/3,0,0,5,0,0,2,2,3.75,0,0,0,0,9,35,0.0,0,0,0,0,0,0,0,0,0,0,1,0,0,0,1,3,0.33,0.0,17.5,26.3,0.0,33.75,0.00,0.556,0.0,0.556
28,정우영,LG,20.25,4,0,0,0,0,-,2 2/3,1,1,4,1,3,6,6,1.88,0,0,0,0,13,56,0.125,0,0,0,0,0,0,0,0,0,0,1,0,0,1,4,0,-,0.0,14.0,21.0,10.13,13.5,0.75,0.462,0.5,0.962
29,김주온,LG,27.0,1,0,1,0,0,0.000,1/3,0,0,2,2,1,1,1,6.0,0,0,0,0,5,23,0.0,0,0,0,0,0,0,0,1,0,0,0,0,0,0,0,0,-,0.0,23.0,69.0,27.0,54.0,0.50,0.8,0.0,0.8
1,폰세,한화,1.89,29,17,1,0,0,0.944,180 2/3,128,10,41,6,252,41,38,0.94,0,0,20,0,697,2854,0.199,18,0,3,4,0,7,3,29,17,0,0,0,0,14,145,122,1.19,0.306,98.4,15.8,12.55,2.04,6.15,0.252,0.274,0.526
2,김범수,한화,2.25,73,2,1,2,6,0.667,48,30,0,22,4,41,17,12,1.08,0,0,0,0,195,780,0.181,5,0,2,1,1,1,0,0,0,2,9,14,2,6,48,48,1.0,0.238,10.7,16.3,7.69,4.13,1.86,0.29,0.211,0.501
2,한승혁,한화,2.25,71,3,3,3,16,0.500,64,56,4,23,7,53,18,16,1.23,0,0,0,5,269,1002,0.236,5,1,2,0,1,3,0,0,0,3,10,28,1,4,79,49,1.61,0.289,14.1,15.7,7.45,3.23,2.3,0.322,0.316,0.638
4,정우주,한화,2.85,51,3,0,0,3,1.000,53 2/3,34,6,21,10,82,18,17,1.02,0,0,0,0,228,1007,0.177,6,1,3,2,0,3,1,2,0,3,15,5,0,0,27,51,0.53,0.264,19.7,18.8,13.75,3.52,3.9,0.289,0.313,0.602
5,와이스,한화,2.87,30,16,5,0,0,0.762,178 2/3,127,13,56,13,207,63,57,1.02,0,0,21,0,725,2837,0.197,30,1,4,6,0,5,2,30,16,0,0,0,0,7,168,150,1.12,0.264,94.6,15.9,10.43,2.82,3.7,0.272,0.307,0.579
6,김기중,한화,3.07,5,0,1,0,0,0.000,14 2/3,16,0,6,1,8,5,5,1.5,0,0,0,0,66,259,0.276,2,1,0,1,0,1,0,2,0,0,2,0,0,1,17,18,0.94,0.314,51.8,17.7,4.91,3.68,1.33,0.348,0.345,0.693
7,김서현,한화,3.14,69,2,4,33,2,0.333,66,52,4,31,8,71,23,23,1.26,0,0,0,4,280,1124,0.222,7,3,5,2,3,7,0,0,0,2,52,38,2,4,62,51,1.22,0.298,16.3,17.0,9.68,4.23,2.29,0.331,0.329,0.66
8,류현진,한화,3.23,26,9,7,0,0,0.563,139 1/3,144,12,25,4,122,54,50,1.21,0,0,12,0,574,2268,0.267,22,3,5,0,2,2,0,26,9,0,0,0,0,13,156,118,1.32,0.325,87.2,16.3,7.88,1.61,4.88,0.304,0.385,0.689
9,김종수,한화,3.25,63,4,5,0,5,0.444,63 2/3,57,5,36,4,59,30,23,1.46,0,0,0,0,282,1104,0.245,17,1,4,5,1,2,1,0,0,4,10,5,0,4,50,72,0.69,0.299,17.5,17.3,8.34,5.09,1.64,0.349,0.391,0.74
10,박준영,한화,3.6,1,0,0,0,0,-,5,3,0,6,0,3,2,2,1.8,0,0,0,0,24,110,0.176,0,0,0,1,0,0,0,1,0,0,0,0,0,0,3,9,0.33,0.2,110.0,22.0,5.4,10.8,0.5,0.375,0.176,0.551
11,윤산흠,한화,3.78,12,0,0,0,0,-,16 2/3,16,1,5,3,17,7,7,1.26,0,0,0,0,73,268,0.246,5,0,0,0,0,1,1,1,0,0,4,0,0,2,21,11,1.91,0.319,22.3,16.1,9.18,2.7,3.4,0.329,0.369,0.698
12,이태양,한화,3.97,14,0,1,0,0,0.000,11 1/3,14,0,5,1,8,5,5,1.68,0,0,0,1,51,181,0.318,5,0,1,0,1,0,0,0,0,0,4,1,0,1,11,11,1.0,0.389,12.9,16.0,6.35,3.97,1.6,0.4,0.432,0.832
13,문동주,한화,4.02,24,11,5,0,0,0.688,121,112,7,31,3,135,57,54,1.18,1,0,11,0,501,1947,0.243,16,5,3,4,0,11,0,23,11,0,2,0,0,2,109,108,1.01,0.326,81.1,16.1,10.04,2.31,4.35,0.293,0.346,0.639
14,조동욱,한화,4.05,68,3,3,2,5,0.500,60,77,4,29,4,43,29,27,1.77,0,0,0,1,283,1068,0.313,16,0,2,2,3,7,1,2,1,2,12,9,2,10,75,53,1.42,0.363,15.7,17.8,6.45,4.35,1.48,0.391,0.427,0.818
15,박상원,한화,4.19,74,4,3,0,16,0.571,66 2/3,67,4,21,8,52,35,31,1.32,0,0,0,3,294,1128,0.261,14,1,4,4,0,4,0,0,0,4,1,32,0,1,64,78,0.82,0.307,15.2,16.9,7.02,2.84,2.48,0.331,0.37,0.701
16,주현상,한화,5.18,48,5,2,1,3,0.714,41 2/3,59,8,10,3,37,25,24,1.66,0,0,0,2,193,776,0.331,14,2,2,0,0,1,0,0,0,5,10,8,0,2,36,46,0.78,0.383,16.2,18.6,7.99,2.16,3.7,0.377,0.567,0.944
17,황준서,한화,5.3,23,2,8,0,0,0.200,56,54,7,26,2,57,37,33,1.43,0,0,2,0,242,1012,0.255,11,4,0,2,2,1,0,12,1,1,1,2,0,3,53,50,1.06,0.313,44.0,18.1,9.16,4.18,2.19,0.339,0.443,0.782
18,엄상백,한화,6.58,28,2,7,0,1,0.222,80 2/3,106,13,38,8,74,60,59,1.79,0,0,2,0,379,1540,0.324,18,3,3,3,0,3,0,16,1,1,0,1,0,5,62,88,0.7,0.383,55.0,19.1,8.26,4.24,1.95,0.404,0.517,0.921
19,이상규,한화,8.0,5,0,1,0,0,0.000,9,16,0,4,0,5,9,8,2.22,0,0,0,0,47,155,0.372,2,1,0,0,0,0,0,0,0,0,4,0,0,1,12,10,1.2,0.421,31.0,17.2,5.0,4.0,1.25,0.426,0.465,0.891
20,권민규,한화,8.44,5,0,0,0,0,-,5 1/3,5,1,7,0,4,5,5,2.25,0,0,0,0,28,129,0.25,1,0,0,1,0,0,0,0,0,0,2,0,0,0,4,8,0.5,0.25,25.8,24.2,6.75,11.81,0.57,0.429,0.45,0.879
21,강재민,한화,9.0,4,0,0,0,0,-,4,6,1,2,1,5,4,4,2.0,0,0,0,0,20,92,0.375,1,0,0,1,0,0,0,0,0,0,3,0,0,0,1,5,0.2,0.455,23.0,23.0,11.25,4.5,2.5,0.45,0.625,1.075
22,원종혁,한화,16.2,2,0,0,0,0,-,1 2/3,3,1,2,0,1,3,3,3.0,0,0,0,0,10,37,0.429,0,0,0,1,0,0,0,0,0,0,1,0,0,0,0,4,0.0,0.333,18.5,22.2,5.4,10.8,0.5,0.5,0.857,1.357
23,김승일,한화,23.63,5,0,0,0,0,-,2 2/3,3,1,3,3,3,7,7,2.25,0,0,0,0,17,68,0.273,0,0,0,0,0,1,0,0,0,0,2,0,0,0,2,3,0.67,0.286,13.6,25.5,10.13,10.13,1.0,0.529,0.545,1.074
1,김성민,SSG,0.0,2,1,0,0,0,1.000,2/3,0,0,2,0,0,0,0,3.0,0,0,0,0,4,22,0.0,0,0,0,0,0,1,0,0,0,1,1,0,0,0,1,1,1.0,0.0,11.0,33.0,0.0,27.0,0.00,0.5,0.0,0.5
1,신지환,SSG,0.0,1,0,0,0,0,-,1,0,0,0,1,1,0,0,0.0,0,0,0,0,4,18,0.0,0,0,0,0,0,0,0,0,0,0,0,0,0,0,1,1,1.0,0.0,18.0,18.0,9.0,0.0,-,0.25,0.0,0.25
3,조병현,SSG,1.6,69,5,4,30,0,0.556,67 1/3,42,5,18,0,79,13,12,0.89,0,0,0,2,255,1088,0.179,7,0,1,1,2,1,0,0,0,5,55,32,2,3,41,74,0.55,0.243,15.8,16.2,10.56,2.41,4.39,0.236,0.272,0.508
4,이로운,SSG,1.99,75,6,5,1,33,0.545,77,56,7,26,0,66,19,17,1.06,0,0,0,1,305,1261,0.206,4,1,4,3,5,2,0,0,0,6,5,31,0,5,65,88,0.74,0.243,16.8,16.4,7.71,3.04,2.54,0.272,0.305,0.577
5,노경은,SSG,2.14,77,3,6,3,35,0.333,80,60,2,25,3,68,22,19,1.06,0,0,0,6,320,1177,0.215,10,0,9,4,5,3,0,0,0,3,6,36,0,2,76,79,0.96,0.272,15.3,14.7,7.65,2.81,2.72,0.283,0.272,0.555
6,앤더슨,SSG,2.25,30,12,7,0,0,0.632,171 2/3,121,13,51,9,245,53,43,1.0,0,0,17,0,694,2792,0.193,17,1,3,3,1,10,0,30,12,0,0,0,0,7,130,134,0.97,0.29,93.1,16.3,12.84,2.67,4.80,0.262,0.285,0.547
7,김택형,SSG,2.78,25,0,0,0,1,-,22 2/3,19,0,10,3,14,7,7,1.28,0,0,0,0,95,371,0.235,6,0,1,0,0,2,0,0,0,0,13,0,0,4,27,21,1.29,0.284,14.8,16.4,5.56,3.97,1.40,0.34,0.309,0.649
8,화이트,SSG,2.87,24,11,4,0,0,0.733,134 2/3,111,9,44,8,137,51,43,1.15,1,0,12,0,562,2165,0.221,17,2,4,3,1,6,0,24,11,0,0,0,0,8,162,96,1.69,0.283,90.2,16.1,9.16,2.94,3.11,0.292,0.316,0.608
9,김민,SSG,2.97,70,5,2,1,22,0.714,63 2/3,60,7,17,6,65,23,21,1.21,0,0,0,4,266,944,0.251,7,0,4,0,2,4,0,0,0,5,6,22,1,11,77,37,2.08,0.317,13.5,14.8,9.19,2.4,3.82,0.317,0.368,0.685
10,박기호,SSG,3.0,18,0,0,0,2,-,24,23,3,12,8,13,10,8,1.46,0,0,0,0,110,451,0.267,2,0,3,1,1,2,0,1,0,0,6,0,0,5,33,18,1.83,0.282,25.1,18.8,4.88,4.5,1.08,0.402,0.395,0.797
11,박시후,SSG,3.27,52,6,2,0,3,0.750,52 1/3,45,5,29,5,34,24,19,1.41,0,0,0,0,231,930,0.233,3,0,3,1,1,0,1,1,0,6,6,1,0,6,65,50,1.3,0.258,17.9,17.8,5.85,4.99,1.17,0.346,0.326,0.672
12,김건우,SSG,3.82,35,5,4,0,2,0.556,66,53,2,49,7,68,31,28,1.55,0,0,0,0,301,1241,0.22,14,0,2,2,1,4,0,13,4,1,5,3,0,5,51,71,0.72,0.295,35.5,18.8,9.27,6.68,1.39,0.365,0.303,0.668
13,최민준,SSG,3.97,40,2,2,0,1,0.500,65 2/3,72,6,24,3,44,34,29,1.46,0,0,0,0,287,1172,0.289,7,0,7,4,0,3,0,8,0,2,10,2,0,9,67,70,0.96,0.325,29.3,17.8,6.03,3.29,1.83,0.354,0.39,0.744
14,전영준,SSG,4.61,34,1,5,0,0,0.167,52 2/3,48,5,26,5,55,28,27,1.41,0,0,0,0,228,993,0.249,9,0,3,1,1,3,0,5,0,1,6,1,0,4,35,56,0.63,0.321,29.2,18.9,9.4,4.44,2.12,0.351,0.373,0.724
15,한두솔,SSG,4.95,44,2,0,1,3,1.000,36 1/3,46,1,19,1,27,22,20,1.79,0,0,0,1,169,649,0.317,5,0,2,2,1,1,0,0,0,2,7,4,1,5,38,36,1.06,0.378,14.8,17.9,6.69,4.71,1.42,0.395,0.372,0.767
16,김광현,SSG,5.0,28,10,10,0,0,0.500,144,164,13,50,4,138,86,80,1.49,0,0,9,0,636,2453,0.286,28,1,5,3,1,6,0,28,10,0,0,0,0,15,149,126,1.18,0.354,87.6,17.0,8.63,3.13,2.76,0.345,0.406,0.751
17,문승원,SSG,5.13,23,4,7,0,0,0.364,105 1/3,109,16,38,5,61,61,60,1.4,0,0,5,0,452,1783,0.273,23,3,6,4,0,4,0,21,4,0,0,0,0,13,105,128,0.82,0.285,77.5,16.9,5.21,3.25,1.61,0.341,0.466,0.807
18,송영진,SSG,5.83,21,2,5,0,0,0.286,63 1/3,77,10,31,3,40,45,41,1.71,0,0,1,0,288,1070,0.312,5,1,3,4,1,2,0,8,2,0,2,0,0,12,72,62,1.16,0.333,51.0,16.9,5.68,4.41,1.29,0.389,0.462,0.851
19,최현석,SSG,6.23,13,0,0,0,0,-,17 1/3,21,5,6,2,11,13,12,1.56,0,0,0,0,77,290,0.304,2,0,0,0,0,1,0,0,0,0,8,0,0,2,25,12,2.08,0.302,22.3,16.7,5.71,3.12,1.83,0.377,0.551,0.928
20,서진용,SSG,6.75,2,0,0,0,0,-,1 1/3,1,0,3,0,0,1,1,3.0,0,0,0,0,7,27,0.25,0,0,0,0,0,0,0,0,0,0,1,0,0,1,1,2,0.5,0.25,13.5,20.3,0.0,20.25,0.00,0.571,0.25,0.821
21,박종훈,SSG,7.11,5,0,2,0,0,0.000,19,15,4,18,5,10,17,15,1.74,0,0,1,0,90,370,0.231,1,0,1,1,0,0,0,5,0,0,0,0,0,4,24,17,1.41,0.212,74.0,19.5,4.74,8.53,0.56,0.427,0.431,0.858
22,정동윤,SSG,8.31,12,0,0,0,0,-,17 1/3,21,2,12,0,17,16,16,1.9,0,0,0,0,82,317,0.309,6,0,1,1,0,1,0,0,0,0,7,0,0,2,17,14,1.21,0.38,26.4,18.3,8.83,6.23,1.42,0.407,0.485,0.892
1,김대우,삼성,0.0,2,0,0,0,1,-,2/3,1,0,0,0,0,0,0,1.5,0,0,0,0,3,16,0.333,1,0,0,0,0,0,0,0,0,0,0,1,0,0,0,2,0.0,0.333,8.0,24.0,0.0,0.0,-,0.333,0.667,1.0
1,양현,삼성,0.0,4,0,0,0,0,-,3 1/3,2,0,3,0,1,0,0,1.5,0,0,0,1,15,65,0.167,0,0,0,0,0,0,0,0,0,0,3,1,0,0,7,2,3.5,0.182,16.3,19.5,2.7,8.1,0.33,0.333,0.167,0.5
1,이상민,삼성,0.0,1,0,0,0,0,-,1,2,0,0,0,1,0,0,2.0,0,0,0,0,5,12,0.4,0,0,0,0,0,0,0,0,0,0,1,0,0,0,1,1,1.0,0.5,12.0,12.0,9.0,0.0,-,0.4,0.4,0.8
4,이재익,삼성,1.23,7,1,0,0,0,1.000,7 1/3,8,0,2,0,6,1,1,1.36,0,0,0,0,31,113,0.276,0,1,0,0,0,1,0,0,0,1,1,0,0,1,11,4,2.75,0.348,16.1,15.4,7.36,2.45,3.00,0.323,0.345,0.668
5,백정현,삼성,1.95,29,2,0,1,3,1.000,32 1/3,19,1,7,2,31,7,7,0.8,0,0,0,2,128,505,0.165,6,0,2,2,0,0,0,1,0,2,8,8,0,0,34,33,1.03,0.212,17.4,15.6,8.63,1.95,4.43,0.222,0.243,0.465
6,후라도,삼성,2.6,30,15,8,0,0,0.652,197 1/3,177,17,36,4,142,65,57,1.08,3,2,23,0,786,2921,0.239,17,3,5,1,0,3,0,30,15,0,3,0,0,23,249,173,1.44,0.275,97.4,14.8,6.48,1.64,3.94,0.278,0.339,0.617
7,가라비토,삼성,2.64,15,4,4,0,0,0.500,78 1/3,56,6,37,6,84,31,23,1.19,0,0,4,0,327,1356,0.2,5,0,4,0,1,2,0,15,4,0,0,0,0,6,80,60,1.33,0.263,90.4,17.3,9.65,4.25,2.27,0.307,0.282,0.589
8,이재희,삼성,3.0,11,0,2,0,4,0.000,9,7,0,5,0,9,3,3,1.33,0,0,0,0,39,157,0.206,1,1,0,0,0,0,0,0,0,0,1,3,0,0,5,13,0.38,0.28,14.3,17.4,9.0,5.0,1.80,0.308,0.294,0.602
9,원태인,삼성,3.24,27,12,4,0,0,0.750,166 2/3,157,20,27,6,108,66,60,1.1,0,0,20,0,671,2493,0.253,32,2,11,6,1,1,0,27,12,0,0,0,0,18,173,189,0.92,0.275,92.3,15.0,5.83,1.46,4.00,0.288,0.407,0.695
10,양창섭,삼성,3.43,33,3,3,0,2,0.500,63,67,3,19,9,45,29,24,1.37,0,0,0,0,276,969,0.278,10,0,3,4,1,4,0,6,0,3,6,3,0,8,69,64,1.08,0.325,29.4,15.4,6.43,2.71,2.37,0.348,0.357,0.705
11,이승민,삼성,3.78,62,3,2,0,8,0.600,64 1/3,61,5,26,3,53,37,27,1.35,0,0,0,0,280,1068,0.249,15,2,5,1,2,1,0,1,0,3,11,7,0,2,66,66,1.0,0.298,17.2,16.6,7.41,3.64,2.04,0.327,0.388,0.715
12,배찬승,삼성,3.91,65,2,3,0,19,0.400,50 2/3,50,3,34,2,57,25,22,1.66,0,0,0,2,233,962,0.259,11,0,4,0,1,5,0,0,0,2,5,19,0,5,49,37,1.32,0.353,14.8,19.0,10.13,6.04,1.68,0.376,0.363,0.739
13,레예스,삼성,4.14,10,4,3,0,0,0.571,50,51,5,12,3,35,26,23,1.26,0,0,2,0,215,844,0.264,7,1,3,4,0,0,0,10,4,0,0,0,0,1,53,58,0.91,0.293,84.4,16.9,6.3,2.16,2.92,0.311,0.389,0.7
14,김태훈,삼성,4.48,73,2,6,2,19,0.250,66 1/3,66,8,26,2,74,34,33,1.39,0,0,0,5,287,1122,0.259,13,0,1,3,3,4,0,0,0,2,9,29,0,7,51,67,0.76,0.33,15.4,16.9,10.04,3.53,2.85,0.329,0.404,0.733
15,송은범,삼성,4.5,5,0,0,0,0,-,6,9,0,3,0,2,3,3,2.0,0,0,0,0,28,93,0.375,2,0,1,0,0,3,0,0,0,0,3,0,0,3,7,6,1.17,0.409,18.6,15.5,3.0,4.5,0.67,0.444,0.458,0.902
15,홍원표,삼성,4.5,2,0,1,0,0,0.000,2,3,0,2,1,1,1,1,2.5,0,0,0,0,12,40,0.429,0,0,1,1,1,0,0,0,0,0,2,0,0,0,0,4,0.0,0.429,20.0,20.0,4.5,9.0,0.50,0.545,0.429,0.974
17,임창민,삼성,4.85,16,1,0,0,2,1.000,13,17,5,7,1,6,8,7,1.85,0,0,0,1,63,263,0.321,2,0,1,1,1,0,0,0,0,1,1,3,0,2,12,19,0.63,0.279,16.4,20.2,4.15,4.85,0.86,0.403,0.642,1.045
18,최원태,삼성,4.92,27,8,7,0,0,0.533,124 1/3,128,13,51,12,109,72,68,1.44,0,0,8,0,552,2137,0.271,21,0,10,7,1,9,0,24,7,1,1,0,0,7,122,120,1.02,0.322,79.1,17.2,7.89,3.69,2.14,0.352,0.398,0.75
19,김재윤,삼성,4.99,63,4,7,13,3,0.364,57 2/3,57,10,13,1,43,34,32,1.21,0,0,0,3,242,938,0.253,12,2,2,1,3,1,0,0,0,4,34,19,2,2,47,79,0.59,0.272,14.9,16.3,6.71,2.03,3.31,0.296,0.458,0.754
20,김대호,삼성,5.14,11,0,1,0,0,0.000,21,25,3,15,1,19,13,12,1.9,0,0,0,0,105,392,0.291,6,0,1,2,0,1,0,4,0,0,5,0,0,2,23,21,1.1,0.333,35.6,18.7,8.14,6.43,1.27,0.394,0.465,0.859
21,육선엽,삼성,5.34,27,0,1,0,1,0.000,28 2/3,23,4,24,0,19,21,17,1.64,0,0,0,0,133,564,0.217,3,0,3,0,0,2,0,1,0,0,8,2,0,3,28,36,0.78,0.229,20.9,19.7,5.97,7.53,0.79,0.362,0.358,0.72
22,이승현,삼성,5.42,25,4,9,0,0,0.308,101 1/3,121,10,46,9,74,64,61,1.65,0,0,2,0,471,1840,0.298,23,2,7,3,0,2,0,23,4,0,0,0,0,7,115,99,1.16,0.342,73.6,18.2,6.57,4.09,1.61,0.379,0.438,0.817
24,이호성,삼성,6.34,58,7,4,9,3,0.636,55 1/3,54,7,29,2,69,44,39,1.5,0,0,0,4,252,1032,0.252,7,2,3,4,0,0,1,0,0,7,24,17,1,5,41,54,0.76,0.331,17.8,18.7,11.22,4.72,2.38,0.341,0.402,0.743
25,황동재,삼성,6.97,15,0,1,0,0,0.000,20 2/3,27,1,14,2,22,16,16,1.98,0,0,0,0,104,403,0.31,2,0,0,1,0,3,0,1,0,0,5,0,0,1,22,17,1.29,0.4,26.9,19.5,9.58,6.1,1.57,0.413,0.368,0.781
26,오승환,삼성,8.0,12,0,0,0,0,-,9,15,1,3,0,7,8,8,2.0,0,0,0,0,45,173,0.366,5,0,0,1,0,1,0,0,0,0,4,1,0,0,10,10,1.0,0.412,14.4,19.2,7.0,3.0,2.33,0.4,0.561,0.961
27,최성훈,삼성,9.0,2,0,0,0,0,-,1,1,0,1,0,1,1,1,2.0,0,0,0,0,5,20,0.25,0,0,0,0,0,0,0,0,0,0,1,0,0,0,1,1,1.0,0.333,10.0,20.0,9.0,9.0,1.00,0.4,0.25,0.65
28,정민성,삼성,36.0,1,0,1,0,0,0.000,1,3,0,0,2,0,4,4,3.0,0,0,0,0,7,23,0.6,2,1,0,0,0,1,0,1,0,0,0,0,0,0,0,2,0.0,0.6,23.0,23.0,0.0,0.0,-,0.714,1.4,2.114
29,최충연,삼성,37.8,4,0,0,0,0,-,1 2/3,7,1,2,1,1,8,7,5.4,0,0,0,0,15,60,0.583,1,0,0,0,0,0,0,0,0,0,1,0,0,0,2,2,1.0,0.6,15.0,36.0,5.4,10.8,0.50,0.667,0.917,1.584
1,데이비슨,NC,0.0,1,0,0,0,0,-,1/3,0,0,0,0,0,0,0,0.0,0,0,0,0,1,2,0.0,0,0,0,0,0,0,0,0,0,0,1,0,0,0,0,1,0.0,0.0,2.0,6.0,0.0,0.0,-,0.0,0.0,0.0
2,구창모,NC,2.51,4,1,0,0,0,1.000,14 1/3,14,1,3,0,18,4,4,1.19,0,0,0,0,59,250,0.25,3,0,0,0,0,1,0,3,0,1,0,0,0,1,11,13,0.85,0.351,62.5,17.4,11.3,1.88,6.00,0.288,0.357,0.645
3,김영규,NC,2.86,45,4,3,0,21,0.571,44,40,3,18,3,35,17,14,1.32,0,0,0,1,189,762,0.253,4,0,5,5,4,6,0,0,0,4,1,21,0,6,48,40,1.2,0.296,16.9,17.3,7.16,3.68,1.94,0.332,0.335,0.667
4,류진욱,NC,3.27,62,4,3,29,0,0.571,66,50,6,28,6,57,27,24,1.18,0,0,0,1,275,1061,0.21,7,1,2,1,3,5,0,0,0,4,51,31,5,8,79,53,1.49,0.25,17.1,16.1,7.77,3.82,2.04,0.308,0.324,0.632
5,김진호,NC,3.36,76,4,3,6,20,0.571,72 1/3,53,5,45,9,70,30,27,1.35,0,0,0,5,316,1303,0.205,12,1,2,1,1,9,1,0,0,4,11,30,0,5,62,75,0.83,0.259,17.1,18.0,8.71,5.6,1.56,0.341,0.317,0.658
6,라일리,NC,3.45,30,17,7,0,0,0.708,172,136,18,56,3,216,76,66,1.12,0,0,16,0,709,2916,0.212,25,2,4,4,0,5,0,30,17,0,0,0,0,5,134,160,0.84,0.286,97.2,17.0,11.3,2.93,3.86,0.277,0.341,0.618
7,임지민,NC,3.86,7,0,1,0,1,0.000,4 2/3,1,0,5,0,7,2,2,1.29,0,0,0,1,20,84,0.071,0,0,0,1,0,0,0,0,0,0,3,2,0,0,2,5,0.4,0.125,12.0,18.0,13.5,9.64,1.40,0.3,0.071,0.371
8,전사민,NC,4.26,74,7,7,2,13,0.500,82 1/3,86,3,33,11,62,45,39,1.45,0,0,0,4,370,1341,0.273,12,2,8,3,4,7,0,0,0,7,6,17,1,9,108,62,1.74,0.328,18.1,16.3,6.78,3.61,1.88,0.359,0.352,0.711
9,손주환,NC,4.35,52,6,1,0,7,0.857,51 2/3,53,5,19,1,37,29,25,1.39,0,0,0,0,224,807,0.264,5,0,1,2,0,0,0,0,0,6,7,5,0,5,61,52,1.17,0.298,15.5,15.6,6.45,3.31,1.95,0.327,0.363,0.69
10,배재환,NC,4.48,70,2,4,2,24,0.333,60 1/3,48,3,37,11,51,36,30,1.41,0,0,0,3,271,1117,0.221,6,1,6,0,4,6,0,0,0,2,6,32,0,5,42,76,0.55,0.276,16.0,18.5,7.61,5.52,1.38,0.362,0.3,0.662
11,로건,NC,4.53,32,7,12,0,0,0.368,173,180,18,67,10,149,98,87,1.43,0,0,16,0,770,3037,0.263,30,2,3,5,3,6,0,31,7,0,0,0,0,13,188,173,1.09,0.31,94.9,17.6,7.75,3.49,2.22,0.335,0.391,0.726
12,신민혁,NC,4.77,28,6,3,0,0,0.667,132,148,23,26,6,84,76,70,1.32,1,0,5,0,568,2292,0.281,18,2,4,5,1,3,0,28,6,0,1,0,0,6,118,182,0.65,0.294,81.9,17.4,5.73,1.77,3.23,0.319,0.454,0.773
13,임정호,NC,4.82,31,1,1,0,4,0.500,18 2/3,18,3,9,4,15,13,10,1.45,0,0,0,2,88,336,0.254,3,1,3,1,1,1,0,0,0,1,3,6,0,1,22,17,1.29,0.278,10.8,18.0,7.23,4.34,1.67,0.365,0.451,0.816
14,김태훈,NC,5.21,18,0,0,0,0,-,19,17,4,16,1,9,15,11,1.74,0,0,0,0,94,356,0.224,2,0,1,0,0,5,0,0,0,0,8,0,0,0,26,24,1.08,0.206,19.8,18.7,4.26,7.58,0.56,0.366,0.408,0.774
15,소이현,NC,5.63,7,0,0,0,0,-,8,5,0,7,1,3,5,5,1.5,0,0,0,0,36,140,0.192,1,0,1,1,0,2,0,0,0,0,4,0,0,1,7,12,0.58,0.208,20.0,17.5,3.38,7.88,0.43,0.371,0.231,0.602
16,목지훈,NC,6.05,16,3,5,0,0,0.375,58,68,6,42,5,45,42,39,1.9,0,0,1,0,280,1115,0.298,8,3,2,3,1,9,2,15,3,0,0,0,0,3,60,58,1.03,0.344,69.7,19.2,6.98,6.52,1.07,0.414,0.439,0.853
17,김재열,NC,6.23,22,0,0,0,2,-,21 2/3,32,5,16,1,16,16,15,2.22,0,0,0,0,111,402,0.356,6,1,2,2,1,2,0,0,0,0,10,3,0,2,20,24,0.83,0.38,18.3,18.6,6.65,6.65,1.00,0.45,0.611,1.061
17,최성영,NC,6.23,35,2,2,0,4,0.500,47 2/3,62,6,28,3,33,33,33,1.89,0,0,0,0,228,921,0.33,13,2,4,5,1,2,1,6,1,1,2,4,0,8,53,45,1.18,0.364,26.3,19.3,6.23,5.29,1.18,0.415,0.516,0.931
19,김녹원,NC,6.56,21,3,4,0,1,0.429,70,75,10,47,3,37,53,51,1.74,0,0,0,0,327,1290,0.277,13,1,5,1,0,4,0,16,3,0,1,0,0,7,67,93,0.72,0.289,61.4,18.4,4.76,6.04,0.79,0.388,0.443,0.831
20,하준영,NC,6.75,10,1,1,0,1,0.500,5 1/3,10,0,7,0,5,4,4,3.19,0,0,0,0,33,126,0.385,4,0,0,0,1,0,0,0,0,1,2,0,0,1,4,7,0.57,0.476,12.6,23.6,8.44,11.81,0.71,0.515,0.538,1.053
21,조민석,NC,6.92,6,0,1,0,0,0.000,13,12,3,11,2,4,10,10,1.77,0,0,0,0,61,258,0.25,2,0,0,0,0,2,0,2,0,0,1,0,0,3,16,16,1.0,0.22,43.0,19.8,2.77,7.62,0.36,0.41,0.479,0.889
22,이준혁,NC,7.3,25,1,3,0,0,0.250,37,43,8,20,6,30,33,30,1.7,0,0,0,0,170,699,0.305,7,1,2,1,2,4,0,3,0,1,5,1,0,9,39,30,1.3,0.337,28.0,18.9,7.3,4.86,1.50,0.411,0.539,0.95
23,신영우,NC,7.53,8,1,3,0,0,0.250,14 1/3,8,2,16,3,19,13,12,1.67,0,0,0,0,68,307,0.174,2,0,1,2,0,4,0,3,0,1,2,0,0,0,10,11,0.91,0.222,38.4,21.4,11.93,10.05,1.19,0.403,0.348,0.751
24,김민규,NC,7.71,7,0,0,0,1,-,4 2/3,5,0,4,0,2,4,4,1.93,0,0,0,0,23,96,0.278,2,0,0,1,1,0,0,0,0,0,1,0,0,0,7,5,1.4,0.294,13.7,20.6,3.86,7.71,0.50,0.391,0.389,0.78
25,최우석,NC,8.16,12,0,0,0,0,-,14 1/3,23,1,9,0,15,16,13,2.23,0,0,0,0,75,282,0.359,5,0,1,1,0,5,0,0,0,0,4,0,0,1,14,13,1.08,0.449,23.5,19.7,9.42,5.65,1.67,0.432,0.484,0.916
26,도태훈,NC,9.0,1,0,0,0,0,-,1,3,1,0,0,1,1,1,3.0,0,0,0,0,6,16,0.5,0,0,0,0,0,0,0,0,0,0,1,0,0,0,1,1,1.0,0.5,16.0,16.0,9.0,0.0,-,0.5,1.0,1.5
27,이용찬,NC,10.57,12,1,2,0,1,0.333,15 1/3,23,1,12,4,14,18,18,2.28,0,0,0,1,83,334,0.348,4,0,0,1,1,2,0,3,0,1,1,1,0,1,14,16,0.88,0.423,27.8,21.8,8.22,7.04,1.17,0.47,0.455,0.925
28,김태경,NC,10.64,6,0,0,0,1,-,11,18,4,9,2,10,20,13,2.45,0,0,0,0,62,266,0.367,3,0,2,0,1,1,0,4,0,0,0,1,0,0,8,13,0.62,0.4,44.3,24.2,8.18,7.36,1.11,0.483,0.673,1.156
29,김태현,NC,12.0,5,0,0,0,1,-,3,5,2,3,2,2,4,4,2.67,0,0,0,0,17,69,0.417,1,0,0,0,0,1,0,0,0,0,0,1,0,0,3,2,1.5,0.375,13.8,23.0,6.0,9.0,0.67,0.588,1.0,1.588
30,임상현,NC,18.0,1,0,0,0,0,-,1,2,0,3,0,0,2,2,5.0,0,0,0,0,8,34,0.4,1,0,0,0,0,0,0,0,0,0,0,0,0,0,0,3,0.0,0.4,34.0,34.0,0.0,27.0,0.00,0.625,0.6,1.225
1,최용준,KT,2.0,7,1,0,0,0,1.000,9,13,0,2,0,5,2,2,1.67,0,0,0,0,39,128,0.351,1,0,0,0,1,0,0,0,0,1,1,0,0,2,5,14,0.36,0.406,18.3,14.2,5.0,2.0,2.50,0.385,0.378,0.763
2,우규민,KT,2.44,53,1,2,0,9,0.333,44 1/3,45,2,3,4,24,12,12,1.08,0,0,0,1,185,665,0.259,6,0,4,0,1,0,0,0,0,1,10,14,0,2,52,53,0.98,0.291,12.5,15.0,4.87,0.61,8.00,0.287,0.328,0.615
3,이상동,KT,2.49,41,3,0,0,5,1.000,43 1/3,31,4,9,2,34,12,12,0.92,0,0,0,1,168,656,0.203,6,0,2,2,1,1,0,0,0,3,5,10,0,2,32,58,0.55,0.231,16.0,15.1,7.06,1.87,3.78,0.253,0.32,0.573
4,박건우,KT,2.7,6,0,0,0,0,-,6 2/3,4,1,4,0,9,2,2,1.2,0,0,0,0,28,117,0.167,0,0,0,0,0,0,0,0,0,0,4,0,0,0,3,8,0.38,0.214,19.5,17.6,12.15,5.4,2.25,0.286,0.292,0.578
5,패트릭,KT,3.12,15,3,3,0,2,0.500,60 2/3,63,2,21,2,45,26,21,1.38,0,0,2,0,267,992,0.259,10,2,1,0,0,5,0,9,3,0,0,4,0,4,75,60,1.25,0.311,66.1,16.4,6.68,3.12,2.14,0.323,0.342,0.665
6,문용익,KT,3.14,20,1,0,0,0,1.000,28 2/3,21,3,19,0,31,11,10,1.4,0,0,0,0,121,528,0.212,7,0,2,1,1,0,0,2,1,0,5,0,0,2,27,21,1.29,0.273,26.4,18.4,9.73,5.97,1.63,0.336,0.374,0.71
7,고영표,KT,3.3,29,11,8,0,0,0.579,161,170,10,30,15,154,70,59,1.24,1,1,20,0,685,2525,0.272,31,2,7,7,2,4,1,26,11,0,2,0,0,14,190,119,1.6,0.341,87.1,15.7,8.61,1.68,5.13,0.317,0.375,0.692
8,소형준,KT,3.3,26,10,7,1,0,0.588,147 1/3,155,6,29,3,123,60,54,1.25,0,0,18,0,617,2209,0.268,24,3,6,1,1,4,0,24,10,0,1,1,0,13,189,112,1.69,0.331,85.0,15.0,7.51,1.77,4.24,0.306,0.351,0.657
9,박영현,KT,3.39,67,5,6,35,1,0.455,69,68,9,34,2,77,31,26,1.48,0,0,0,7,305,1228,0.258,10,1,4,1,4,6,1,0,0,5,53,43,3,3,37,83,0.45,0.33,18.3,17.8,10.04,4.43,2.26,0.346,0.405,0.751
10,오원석,KT,3.67,25,11,8,0,0,0.579,132 1/3,130,10,52,4,113,60,54,1.38,0,0,12,0,565,2187,0.261,25,1,7,4,1,5,0,25,11,0,0,0,0,10,132,127,1.04,0.317,87.5,16.5,7.69,3.54,2.17,0.333,0.376,0.709
11,손동현,KT,3.84,58,5,0,1,13,1.000,58 2/3,66,6,12,3,55,30,25,1.33,0,0,0,2,257,938,0.278,16,1,4,1,3,4,0,0,0,5,7,17,0,0,43,74,0.58,0.339,16.2,16.0,8.44,1.84,4.58,0.32,0.43,0.75
12,전용주,KT,3.95,21,0,1,0,4,0.000,13 2/3,18,0,7,0,11,8,6,1.83,0,0,0,0,66,257,0.31,4,0,0,1,1,3,0,0,0,0,0,7,0,1,20,10,2.0,0.375,12.2,18.8,7.24,4.61,1.57,0.379,0.379,0.758
13,헤이수스,KT,3.96,32,9,9,0,1,0.500,163 2/3,173,17,44,8,165,85,72,1.33,0,0,15,0,712,2716,0.267,22,2,8,3,0,7,2,30,9,0,0,0,0,7,171,143,1.2,0.332,84.9,16.6,9.07,2.42,3.75,0.32,0.385,0.705
14,주권,KT,4.43,34,0,1,0,0,0.000,40 2/3,48,3,13,0,19,23,20,1.5,0,0,0,1,176,634,0.302,2,0,3,1,1,0,1,0,0,0,14,1,0,10,56,37,1.51,0.326,18.6,15.6,4.2,2.88,1.46,0.353,0.371,0.724
15,김민수,KT,4.96,58,4,3,0,11,0.571,52 2/3,63,5,15,1,36,31,29,1.48,0,0,0,1,230,817,0.303,11,2,2,4,1,5,0,0,0,4,12,21,0,3,56,57,0.98,0.339,14.1,15.5,6.15,2.56,2.40,0.346,0.447,0.793
16,임준형,KT,5.19,10,0,0,0,0,-,8 2/3,11,0,7,1,6,7,5,2.08,0,0,0,0,42,179,0.333,1,0,1,0,0,1,0,0,0,0,3,0,0,3,10,6,1.67,0.407,17.9,20.7,6.23,7.27,0.86,0.463,0.364,0.827
17,원상현,KT,5.21,52,0,3,0,14,0.000,57,56,8,35,1,45,35,33,1.6,0,0,0,0,259,1009,0.257,10,0,2,3,3,4,0,0,0,0,5,17,0,2,62,58,1.07,0.286,19.4,17.7,7.11,5.53,1.29,0.358,0.413,0.771
18,조이현,KT,5.4,3,1,2,0,0,0.333,11 2/3,17,2,0,1,3,7,7,1.46,0,0,0,0,50,173,0.347,2,1,0,0,0,0,0,3,1,0,0,0,0,2,9,20,0.45,0.341,57.7,14.8,2.31,0.0,-,0.36,0.551,0.911
18,쿠에바스,KT,5.4,18,3,10,0,0,0.231,98 1/3,104,13,46,5,60,69,59,1.53,0,0,7,0,445,1663,0.268,14,2,4,2,0,4,1,18,3,0,0,0,0,8,108,118,0.92,0.287,92.4,16.9,5.49,4.21,1.30,0.351,0.415,0.766
20,배제성,KT,5.67,8,2,3,0,0,0.400,27,38,2,11,0,23,17,17,1.81,0,0,0,0,127,514,0.33,5,1,1,0,1,1,0,5,1,1,0,1,0,1,26,28,0.93,0.4,64.3,19.0,7.67,3.67,2.09,0.389,0.443,0.832
21,이채호,KT,6.17,10,0,0,0,0,-,11 2/3,12,1,5,2,8,8,8,1.46,0,0,0,0,53,195,0.286,3,2,1,3,1,0,0,1,0,0,2,0,0,1,13,12,1.08,0.306,19.5,16.7,6.17,3.86,1.60,0.365,0.524,0.889
22,최동환,KT,8.68,20,1,1,0,0,0.500,18 2/3,27,4,12,1,9,19,18,2.09,0,0,0,0,91,326,0.351,5,1,0,1,2,0,0,0,0,1,9,0,0,2,20,22,0.91,0.354,16.3,17.5,4.34,5.79,0.75,0.44,0.597,1.037
23,김재원,KT,10.38,4,0,0,0,0,-,4 1/3,3,0,8,1,4,5,5,2.54,0,0,0,0,24,99,0.214,1,0,0,1,0,3,0,0,0,0,3,0,0,1,4,4,1.0,0.273,24.8,22.8,8.31,16.62,0.50,0.5,0.286,0.786
24,김동현,KT,13.5,3,0,0,0,0,-,3 1/3,7,2,3,0,4,5,5,3.0,0,0,0,0,19,66,0.438,0,0,0,0,0,3,0,0,0,0,2,0,0,1,1,4,0.25,0.5,22.0,19.8,10.8,8.1,1.33,0.526,0.813,1.339
25,한차현,KT,16.2,2,0,0,0,0,-,1 2/3,4,0,2,0,1,3,3,3.6,0,0,0,0,11,40,0.444,0,0,0,0,0,1,0,0,0,0,1,0,0,0,2,2,1.0,0.5,20.0,24.0,5.4,10.8,0.50,0.545,0.444,0.989
26,이정현,KT,16.62,6,0,0,0,0,-,4 1/3,9,0,4,1,3,8,8,3.0,0,0,0,0,27,100,0.429,3,0,0,1,0,0,0,0,0,0,6,0,0,0,5,5,1.0,0.474,16.7,23.1,6.23,8.31,0.75,0.519,0.571,1.09
27,강백호,KT,18.0,1,0,0,0,0,-,1,3,1,1,0,1,2,2,4.0,0,0,0,0,7,25,0.5,1,0,0,0,0,0,0,0,0,0,1,0,0,0,1,1,1.0,0.5,25.0,25.0,9.0,9.0,1.00,0.571,1.167,1.738
28,강건,KT,24.55,2,0,1,0,0,0.000,3 2/3,7,1,7,1,1,10,10,3.82,0,0,0,0,26,104,0.5,2,0,2,2,0,0,0,1,0,0,1,0,0,0,3,5,0.6,0.429,52.0,28.4,2.45,17.18,0.14,0.625,0.857,1.482
1,김원중,롯데,2.67,53,4,3,32,0,0.571,60 2/3,58,4,33,2,69,21,18,1.5,0,0,0,6,272,1117,0.25,11,2,4,1,6,7,1,0,0,4,43,38,3,3,58,48,1.21,0.338,21.1,18.4,10.24,4.9,2.09,0.347,0.366,0.713
2,심재민,롯데,3.0,4,1,0,0,0,1.000,3,5,0,1,0,2,2,1,2.0,0,0,0,0,15,48,0.357,1,0,0,0,0,1,0,0,0,1,2,0,0,0,5,2,2.5,0.417,12.0,16.0,6.0,3.0,2.00,0.4,0.429,0.829
3,홍민기,롯데,3.09,25,0,2,0,3,0.000,32,24,0,11,2,39,13,11,1.09,0,0,0,0,129,510,0.211,5,1,0,2,0,1,0,2,0,0,2,5,0,7,33,20,1.65,0.312,20.4,15.9,10.97,3.09,3.55,0.287,0.272,0.559
4,감보아,롯데,3.58,19,7,8,0,0,0.467,108,97,6,49,4,117,54,43,1.35,0,0,11,0,475,1866,0.236,16,0,6,5,0,5,0,19,7,0,0,0,0,7,121,81,1.49,0.311,98.2,17.3,9.75,4.08,2.39,0.32,0.319,0.639
5,데이비슨,롯데,3.65,22,10,5,0,0,0.667,123 1/3,123,10,48,5,119,53,50,1.39,0,0,11,0,529,2100,0.262,20,2,4,2,0,4,1,22,10,0,0,0,0,12,120,110,1.09,0.329,95.5,17.0,8.68,3.5,2.48,0.335,0.377,0.712
6,정성종,롯데,3.86,2,0,0,0,0,-,2 1/3,3,1,0,0,0,1,1,1.29,0,0,0,0,10,37,0.3,1,0,0,0,0,0,0,0,0,0,0,0,0,0,4,3,1.33,0.222,18.5,15.9,0.0,0.0,-,0.3,0.7,1.0
7,나균안,롯데,3.87,28,3,7,0,0,0.300,137 1/3,143,13,50,5,116,67,59,1.41,0,0,9,0,601,2328,0.268,23,3,7,5,0,3,0,26,2,1,1,0,0,8,140,140,1.0,0.317,83.1,17.0,7.6,3.28,2.32,0.333,0.395,0.728
8,정현수,롯데,3.97,82,2,0,0,12,1.000,47 2/3,34,4,26,2,47,23,21,1.26,0,0,0,0,203,851,0.201,9,0,3,3,0,2,0,0,0,2,9,15,0,5,45,46,0.98,0.248,10.4,17.9,8.87,4.91,1.81,0.31,0.325,0.635
9,김강현,롯데,4.0,67,2,2,0,4,0.500,72,69,9,21,7,36,37,32,1.25,0,0,0,0,306,1135,0.254,15,1,2,4,0,4,0,0,0,2,19,1,0,6,95,76,1.25,0.26,16.9,15.8,4.5,2.63,1.71,0.319,0.415,0.734
9,송재영,롯데,4.0,46,1,0,0,3,1.000,27,19,3,24,0,28,13,12,1.59,0,0,0,0,121,491,0.202,4,0,1,2,0,2,0,0,0,1,6,4,0,5,24,25,0.96,0.246,10.7,18.2,9.33,8.0,1.17,0.358,0.34,0.698
11,정철원,롯데,4.24,75,8,3,0,21,0.727,70,72,4,28,7,55,34,33,1.43,0,0,0,6,312,1169,0.268,13,1,3,5,2,5,0,0,0,8,4,27,0,7,73,74,0.99,0.316,15.6,16.7,7.07,3.6,1.96,0.346,0.368,0.714
12,김태현,롯데,4.5,1,0,0,0,0,-,2,1,0,4,0,2,2,1,2.5,0,0,0,0,12,51,0.143,0,0,0,1,0,0,0,0,0,0,0,0,0,0,2,3,0.67,0.167,51.0,25.5,9.0,18.0,0.50,0.417,0.143,0.56
13,박세웅,롯데,4.93,29,11,13,0,0,0.458,160 2/3,183,15,54,8,156,99,88,1.48,0,0,12,0,722,2694,0.282,46,1,8,4,0,14,1,28,11,0,0,0,0,9,171,142,1.2,0.349,92.9,16.8,8.74,3.02,2.89,0.343,0.426,0.769
14,이민석,롯데,5.26,20,2,5,0,0,0.286,87 1/3,104,10,56,2,61,56,51,1.83,0,0,4,0,417,1596,0.295,13,2,3,4,0,2,0,17,2,0,0,0,0,8,105,86,1.22,0.33,79.8,18.3,6.29,5.77,1.09,0.391,0.429,0.82
15,최준용,롯데,5.3,49,4,4,1,17,0.500,54 1/3,50,5,16,6,62,35,32,1.21,0,0,0,4,234,910,0.243,9,1,4,2,0,3,0,0,0,4,4,17,0,1,43,53,0.81,0.319,18.6,16.7,10.27,2.65,3.88,0.313,0.369,0.682
16,반즈,롯데,5.32,8,3,4,0,0,0.429,45 2/3,47,4,17,2,38,31,27,1.4,0,0,3,0,204,761,0.258,14,2,2,1,0,2,0,8,3,0,0,0,0,2,55,43,1.28,0.305,95.1,16.7,7.49,3.35,2.24,0.327,0.423,0.75
17,박진,롯데,5.32,51,3,3,1,3,0.500,69 1/3,76,10,22,1,50,42,41,1.41,0,0,0,1,302,1172,0.277,10,3,1,4,0,5,0,5,0,3,11,5,1,8,70,82,0.85,0.303,23.0,16.9,6.49,2.86,2.27,0.329,0.445,0.774
18,정우준,롯데,5.4,3,0,0,0,0,-,3 1/3,6,0,0,1,3,2,2,1.8,0,0,0,0,16,58,0.4,3,0,0,0,0,0,0,0,0,0,2,0,0,1,2,4,0.5,0.5,19.3,17.4,8.1,0.0,-,0.438,0.6,1.038
19,한현희,롯데,6.23,3,0,0,0,1,-,8 2/3,13,2,2,1,8,6,6,1.73,0,0,0,0,41,161,0.342,2,0,0,0,0,1,0,2,0,0,0,0,0,1,5,12,0.42,0.393,53.7,18.6,8.31,2.08,4.00,0.39,0.553,0.943
20,김상수,롯데,6.38,45,0,1,2,3,0.000,36 2/3,48,4,18,3,27,26,26,1.8,0,0,0,0,180,644,0.314,10,0,2,4,2,1,0,0,0,0,14,7,1,2,44,38,1.16,0.349,14.3,17.6,6.63,4.42,1.50,0.388,0.458,0.846
21,구승민,롯데,7.0,11,0,1,0,1,0.000,9,9,1,7,1,10,10,7,1.78,0,0,0,0,45,187,0.243,1,1,0,0,0,0,0,0,0,0,5,2,0,0,10,8,1.25,0.308,17.0,20.8,10.0,7.0,1.43,0.378,0.405,0.783
22,윤성빈,롯데,7.67,31,1,2,0,0,0.333,27,26,3,20,4,44,23,23,1.7,0,0,0,0,130,524,0.245,7,0,0,0,1,6,0,1,0,1,9,1,0,0,14,22,0.64,0.39,16.9,19.4,14.67,6.67,2.20,0.385,0.396,0.781
23,박준우,롯데,8.03,11,1,2,0,1,0.333,12 1/3,21,0,6,1,11,11,11,2.19,0,0,0,1,64,238,0.368,3,1,0,0,0,0,0,1,0,1,1,1,0,0,13,12,1.08,0.457,21.6,19.3,8.03,4.38,1.83,0.438,0.456,0.894
24,벨라스케즈,롯데,8.23,11,1,4,0,0,0.200,35,47,7,18,3,28,32,32,1.86,0,0,1,0,168,651,0.324,10,1,2,0,0,1,2,7,1,0,1,0,0,2,33,37,0.89,0.364,59.2,18.6,7.2,4.63,1.56,0.41,0.552,0.962
25,박진형,롯데,8.44,7,0,0,0,0,-,5 1/3,9,1,3,0,5,7,5,2.25,0,0,0,0,29,104,0.346,3,0,0,0,0,0,0,0,0,0,4,0,0,0,7,5,1.4,0.4,14.9,19.5,8.44,5.06,1.67,0.414,0.577,0.991
26,이영재,롯데,9.0,3,0,0,0,0,-,2,5,1,0,1,2,2,2,2.5,0,0,0,0,11,43,0.5,1,0,0,0,0,0,0,0,0,0,2,0,0,1,2,1,2.0,0.571,14.3,21.5,9.0,0.0,-,0.545,0.9,1.445
27,김진욱,롯데,10.0,14,1,3,0,0,0.250,27,42,10,16,2,24,32,30,2.15,0,0,1,2,136,544,0.365,6,0,2,1,0,0,0,6,1,0,0,2,0,2,27,23,1.17,0.39,38.9,20.1,8.0,5.33,1.50,0.448,0.678,1.126
28,박시영,롯데,11.05,11,1,0,0,0,1.000,7 1/3,9,0,9,2,10,9,9,2.45,0,0,0,0,42,169,0.29,4,0,0,0,0,0,0,0,0,1,2,1,0,0,7,5,1.4,0.429,15.4,23.0,12.27,11.05,1.11,0.476,0.419,0.895
29,박세현,롯데,14.73,3,0,0,0,0,-,3 2/3,8,1,1,1,4,6,6,2.45,0,0,0,0,21,65,0.421,5,0,0,0,0,0,0,0,0,0,3,0,0,0,2,5,0.4,0.5,21.7,17.7,9.82,2.45,4.00,0.476,0.842,1.318
1,김민재,KIA,0.0,1,0,0,0,0,-,2,2,0,0,0,1,0,0,1.0,0,0,0,0,8,21,0.25,0,0,0,0,0,0,0,0,0,0,1,0,0,0,3,2,1.5,0.286,21.0,10.5,4.5,0.0,-,0.25,0.25,0.5
1,유지성,KIA,0.0,1,0,0,0,0,-,1,0,0,0,0,0,0,0,0.0,0,0,0,0,3,10,0.0,0,0,0,0,0,0,0,0,0,0,1,0,0,0,2,1,2.0,0.0,10.0,10.0,0.0,0.0,-,0.0,0.0,0.0
3,성영탁,KIA,1.55,45,3,2,0,7,0.600,52 1/3,38,2,13,0,30,11,9,0.97,0,0,0,0,198,753,0.209,6,0,2,1,0,1,0,0,0,3,5,5,0,7,69,46,1.5,0.238,16.7,14.4,5.16,2.24,2.31,0.26,0.275,0.535
4,네일,KIA,2.25,27,8,4,0,0,0.667,164 1/3,135,6,41,15,152,46,41,1.07,0,0,19,0,664,2521,0.225,18,1,7,2,0,4,0,27,8,0,0,0,0,18,204,110,1.85,0.291,93.4,15.3,8.32,2.25,3.71,0.291,0.289,0.58
5,김현수,KIA,2.45,18,0,0,0,0,-,18 1/3,17,2,13,1,11,5,5,1.64,0,0,0,0,86,309,0.243,3,1,1,1,5,2,0,0,0,0,12,0,0,0,16,27,0.59,0.259,17.2,16.9,5.4,6.38,0.85,0.365,0.4,0.765
6,김기훈,KIA,3.25,24,1,1,0,0,0.500,27 2/3,25,2,10,1,27,11,10,1.27,0,0,0,0,117,464,0.245,8,1,1,3,0,2,0,0,0,1,2,1,0,0,15,38,0.39,0.303,19.3,16.8,8.78,3.25,2.70,0.31,0.402,0.712
7,전상현,KIA,3.34,74,7,5,1,25,0.583,70,64,4,20,2,50,30,26,1.2,0,0,0,7,290,1048,0.242,15,0,1,3,3,3,0,0,0,7,5,31,0,7,75,78,0.96,0.282,14.2,15.0,6.43,2.57,2.50,0.298,0.345,0.643
8,올러,KIA,3.62,26,11,7,0,0,0.611,149,125,8,47,8,169,64,60,1.15,1,0,16,0,620,2490,0.226,25,3,5,6,0,2,0,26,11,0,1,0,0,5,123,143,0.86,0.305,95.8,16.7,10.21,2.84,3.60,0.293,0.325,0.618
9,정해영,KIA,3.79,60,3,7,27,0,0.300,61 2/3,75,4,18,3,72,30,26,1.51,0,0,0,7,275,1117,0.299,13,0,1,2,1,1,0,0,0,3,50,35,2,6,59,47,1.26,0.401,18.6,18.1,10.51,2.63,4.00,0.35,0.398,0.748
10,조상우,KIA,3.9,72,6,6,1,28,0.500,60,64,5,27,6,55,29,26,1.52,0,0,0,3,271,1113,0.277,15,0,6,1,3,2,0,0,0,6,7,33,0,4,58,55,1.05,0.343,15.5,18.6,8.25,4.05,2.04,0.366,0.407,0.773
11,윤중현,KIA,4.35,13,1,0,0,0,1.000,10 1/3,10,2,7,0,7,5,5,1.65,0,0,0,0,48,159,0.25,4,0,1,0,2,1,0,0,0,1,6,0,0,0,12,11,1.09,0.258,12.2,15.4,6.1,6.1,1.00,0.362,0.5,0.862
12,유승철,KIA,4.5,1,0,0,0,0,-,2,3,0,2,0,3,1,1,2.5,0,0,0,0,11,40,0.333,0,0,0,0,0,1,0,0,0,0,1,0,0,0,1,2,0.5,0.5,40.0,20.0,13.5,9.0,1.50,0.455,0.333,0.788
13,김태형,KIA,4.56,8,0,3,0,0,0.000,23 2/3,25,4,7,5,14,12,12,1.35,0,0,0,0,107,422,0.272,4,0,3,0,0,1,1,3,0,0,1,0,0,1,28,25,1.12,0.284,52.8,17.8,5.32,2.66,2.00,0.356,0.446,0.802
14,이준영,KIA,4.76,57,3,1,0,7,0.750,34,36,6,11,1,34,18,18,1.38,0,0,0,1,145,569,0.273,10,0,1,0,2,1,0,0,0,3,5,10,0,5,35,27,1.3,0.326,10.0,16.7,9.0,2.91,3.09,0.333,0.485,0.818
15,김도현,KIA,4.81,24,4,7,0,0,0.364,125 1/3,149,11,33,10,71,79,67,1.45,0,0,9,0,561,2068,0.296,28,4,7,7,0,5,1,24,4,0,0,0,0,8,148,143,1.03,0.322,86.2,16.5,5.1,2.37,2.15,0.347,0.433,0.78
16,양현종,KIA,5.06,30,7,9,0,0,0.438,153,171,12,57,4,109,101,86,1.49,0,0,11,0,677,2497,0.285,23,4,8,8,1,10,0,30,7,0,0,0,0,15,153,175,0.87,0.326,83.2,16.3,6.41,3.35,1.91,0.347,0.397,0.744
17,황동하,KIA,5.3,18,1,2,0,0,0.333,35 2/3,38,4,10,3,31,21,21,1.35,0,0,0,1,155,576,0.277,14,1,3,2,0,0,0,3,0,1,3,1,0,1,32,38,0.84,0.327,32.0,16.1,7.82,2.52,3.10,0.336,0.482,0.818
18,윤영철,KIA,5.58,13,2,7,0,0,0.222,50,52,4,30,1,43,37,31,1.64,0,0,1,0,227,888,0.269,7,0,1,2,0,4,0,13,2,0,0,0,0,7,48,52,0.92,0.324,68.3,17.8,7.74,5.4,1.43,0.367,0.368,0.735
19,장재혁,KIA,6.0,3,0,0,0,0,-,3,3,1,3,0,2,2,2,2.0,0,0,0,0,13,63,0.3,0,0,0,0,0,0,0,0,0,0,1,0,0,1,1,4,0.25,0.286,21.0,21.0,6.0,9.0,0.67,0.462,0.6,1.062
20,한재승,KIA,6.48,36,1,1,1,1,0.500,33 1/3,40,5,31,1,35,29,24,2.13,0,0,0,0,161,685,0.317,4,0,1,2,0,4,0,0,0,1,8,4,0,6,31,22,1.41,0.398,19.0,20.6,9.45,8.37,1.13,0.45,0.468,0.918
21,최지민,KIA,6.58,66,2,4,0,9,0.333,53 1/3,46,5,51,4,39,40,39,1.82,0,0,0,0,253,1042,0.238,7,1,2,3,0,4,0,0,0,2,10,10,0,5,47,64,0.73,0.27,15.8,19.5,6.58,8.61,0.76,0.402,0.363,0.765
22,김건국,KIA,6.85,26,0,3,0,1,0.000,46,59,11,17,5,31,38,35,1.65,0,0,0,1,216,841,0.311,9,0,1,3,0,3,0,6,0,0,6,2,0,1,51,52,0.98,0.318,32.3,18.3,6.07,3.33,1.82,0.377,0.532,0.909
23,이도현,KIA,6.92,6,1,1,0,0,0.500,13,17,1,8,1,9,11,10,1.92,0,0,0,0,65,242,0.309,5,0,0,1,0,1,0,2,1,0,1,0,0,1,16,14,1.14,0.348,40.3,18.6,6.23,5.54,1.13,0.4,0.455,0.855
24,이의리,KIA,7.94,10,1,4,0,0,0.200,39 2/3,41,6,31,3,42,37,35,1.82,0,0,2,0,193,784,0.266,9,3,3,2,0,1,0,10,1,0,0,0,0,3,38,35,1.09,0.324,78.4,19.8,9.53,7.03,1.35,0.395,0.481,0.876
25,김시훈,KIA,8.06,24,1,0,0,1,1.000,25 2/3,33,7,10,0,18,25,23,1.68,0,0,0,0,118,439,0.308,6,0,0,1,1,0,0,0,0,1,10,1,0,2,29,28,1.04,0.313,18.3,17.1,6.31,3.51,1.80,0.364,0.561,0.925
26,이호민,KIA,8.59,13,1,0,0,0,1.000,14 2/3,21,0,9,2,7,14,14,2.05,0,0,0,0,72,259,0.362,5,0,2,1,1,0,0,0,0,1,6,0,0,3,15,16,0.94,0.404,19.9,17.7,4.3,5.52,0.78,0.457,0.448,0.905
27,김대유,KIA,9.72,15,0,1,0,1,0.000,8 1/3,12,1,4,0,3,9,9,1.92,0,0,0,0,42,140,0.324,1,0,0,1,0,0,0,0,0,0,2,0,0,0,11,12,0.92,0.324,9.3,16.8,3.24,4.32,0.75,0.381,0.432,0.813
28,이형범,KIA,11.7,12,0,0,0,0,-,10,21,0,5,0,6,16,13,2.6,0,0,0,0,56,209,0.438,6,1,1,2,1,0,0,0,0,0,5,0,0,0,14,9,1.56,0.477,17.4,20.9,5.4,4.5,1.20,0.473,0.604,1.077
29,김민주,KIA,12.0,3,0,0,0,0,-,3,4,0,2,2,2,4,4,2.0,0,0,0,0,17,54,0.333,1,1,0,1,0,0,0,0,0,0,0,0,0,0,2,5,0.4,0.364,18.0,18.0,6.0,6.0,1.00,0.471,0.583,1.054
30,임기영,KIA,13.0,10,1,1,0,0,0.500,9,23,2,4,0,5,13,13,3.0,0,0,0,0,52,176,0.489,4,0,1,0,0,0,0,0,0,1,2,0,0,1,6,13,0.46,0.525,17.6,19.6,5.0,4.0,1.25,0.529,0.702,1.231
1,김한중,두산,0.0,2,0,0,0,0,-,2,1,0,0,0,0,1,0,0.5,0,0,0,0,8,25,0.125,1,0,0,0,0,0,0,0,0,0,2,0,0,0,3,4,0.75,0.125,12.5,12.5,0.0,0.0,-,0.125,0.25,0.375
2,이교훈,두산,1.17,10,1,0,0,0,1.000,7 2/3,4,0,4,1,7,2,1,1.04,0,0,0,0,29,125,0.174,1,0,1,0,0,2,0,0,0,1,3,0,0,3,5,7,0.71,0.25,12.5,16.3,8.22,4.7,1.75,0.321,0.217,0.538
3,잭로그,두산,2.81,30,10,8,0,1,0.556,176,146,8,39,17,156,66,55,1.05,0,0,17,0,722,2698,0.224,25,4,11,2,0,4,0,29,10,0,0,1,0,15,204,149,1.37,0.281,89.9,15.3,7.98,1.99,4.00,0.284,0.311,0.595
4,박신지,두산,2.85,54,2,4,0,5,0.333,60,55,3,29,5,36,24,19,1.4,0,0,0,1,264,1008,0.244,15,3,2,3,6,8,0,0,0,2,7,8,0,4,58,79,0.73,0.275,18.7,16.8,5.4,4.35,1.24,0.34,0.378,0.718
5,김택연,두산,3.53,64,4,5,24,0,0.444,66 1/3,47,6,31,5,79,31,26,1.18,0,0,0,9,281,1151,0.196,6,0,4,1,2,5,0,0,0,4,43,34,3,3,42,73,0.58,0.263,18.0,17.4,10.72,4.21,2.55,0.3,0.296,0.596
6,박치국,두산,3.75,73,4,4,2,16,0.500,62 1/3,58,4,21,7,57,35,26,1.27,0,0,0,4,271,1045,0.245,15,0,5,1,1,0,0,0,0,4,11,23,0,2,66,57,1.16,0.305,14.3,16.8,8.23,3.03,2.71,0.323,0.359,0.682
7,김정우,두산,3.86,18,0,0,1,1,-,21,26,1,9,3,13,12,9,1.67,0,0,0,0,103,396,0.302,4,0,3,2,0,1,0,0,0,0,9,2,0,1,26,23,1.13,0.338,22.0,18.9,5.57,3.86,1.44,0.38,0.384,0.764
8,이영하,두산,4.05,73,4,4,0,14,0.500,66 2/3,63,4,39,6,72,33,30,1.53,0,0,0,5,299,1136,0.254,10,0,5,1,2,7,0,0,0,4,8,23,0,6,66,48,1.38,0.341,15.6,17.0,9.72,5.27,1.85,0.367,0.343,0.71
9,박정수,두산,4.1,29,1,0,0,3,1.000,26 1/3,31,1,8,4,15,13,12,1.48,0,0,0,0,119,418,0.304,3,1,3,2,1,1,0,0,0,1,5,5,0,3,32,26,1.23,0.341,14.4,15.9,5.13,2.73,1.88,0.371,0.382,0.753
10,곽빈,두산,4.2,19,5,7,0,0,0.417,109 1/3,96,9,41,2,107,55,51,1.25,0,0,7,0,465,1804,0.232,23,3,2,6,0,5,0,19,5,0,0,0,0,4,109,108,1.01,0.286,94.9,16.5,8.81,3.38,2.61,0.3,0.367,0.667
11,양재훈,두산,4.24,19,0,0,1,0,-,23 1/3,19,3,8,0,19,11,11,1.16,0,0,0,0,93,380,0.226,4,0,0,1,0,0,0,0,0,0,8,2,0,2,14,33,0.42,0.254,20.0,16.3,7.33,3.09,2.38,0.29,0.381,0.671
12,최민석,두산,4.4,17,3,3,0,0,0.500,77 2/3,72,7,34,5,53,41,38,1.36,0,0,4,0,333,1342,0.248,15,1,3,1,1,5,1,15,3,0,0,0,0,9,90,76,1.18,0.281,78.9,17.3,6.14,3.94,1.56,0.336,0.379,0.715
13,최승용,두산,4.41,23,5,7,0,0,0.417,116 1/3,121,8,36,6,71,60,57,1.35,0,0,9,0,507,1958,0.265,20,4,5,3,0,4,0,23,5,0,0,0,0,10,120,148,0.81,0.297,85.1,16.8,5.49,2.79,1.97,0.325,0.379,0.704
14,콜어빈,두산,4.48,28,8,12,0,0,0.400,144 2/3,142,9,79,18,128,80,72,1.53,0,0,10,0,649,2593,0.268,26,3,14,8,1,6,0,28,8,0,0,0,0,16,147,121,1.21,0.332,92.6,17.9,7.96,4.91,1.62,0.376,0.379,0.755
15,홍민규,두산,4.59,20,2,1,1,0,0.667,33 1/3,37,4,15,1,17,19,17,1.56,0,0,0,0,151,571,0.28,6,0,0,3,0,4,0,2,0,2,11,1,0,2,30,51,0.59,0.289,28.6,17.1,4.59,4.05,1.13,0.351,0.417,0.768
16,김민규,두산,4.66,7,1,1,0,0,0.500,9 2/3,9,1,6,4,6,5,5,1.55,0,0,0,0,47,199,0.273,3,0,0,4,0,0,0,1,0,1,5,0,0,0,6,16,0.38,0.267,28.4,20.6,5.59,5.59,1.00,0.404,0.455,0.859
17,최원준,두산,4.71,47,4,7,0,9,0.364,107,105,18,38,4,62,59,56,1.34,0,0,5,2,456,1852,0.258,17,2,4,3,2,4,0,16,1,3,1,9,0,6,96,147,0.65,0.264,39.4,17.3,5.21,3.2,1.63,0.325,0.442,0.767
18,제환유,두산,4.96,6,0,1,0,0,0.000,16 1/3,17,2,12,1,8,10,9,1.78,0,0,0,0,78,304,0.27,1,0,1,1,1,0,0,3,0,0,0,0,0,1,19,20,0.95,0.278,50.7,18.6,4.41,6.61,0.67,0.39,0.381,0.771
19,김명신,두산,5.4,8,0,0,0,0,-,8 1/3,13,0,3,1,6,8,5,1.92,0,0,0,0,43,202,0.342,3,1,0,1,0,1,0,0,0,0,1,0,0,0,10,10,1.00,0.394,25.3,24.2,6.48,3.24,2.00,0.395,0.474,0.869
19,최종인,두산,5.4,3,0,0,0,0,-,1 2/3,1,0,3,0,5,1,1,2.4,0,0,0,0,9,46,0.167,0,0,0,0,0,2,0,0,0,0,2,0,0,0,0,0,-,1.0,15.3,27.6,27.0,16.2,1.67,0.444,0.167,0.611
21,홍건희,두산,6.19,20,2,1,0,0,0.667,16,18,2,15,0,15,13,11,2.06,0,0,0,0,83,341,0.273,1,0,2,0,1,0,0,0,0,2,7,0,0,0,22,11,2.00,0.327,17.1,21.3,8.44,8.44,1.00,0.407,0.379,0.786
22,이병헌,두산,6.23,22,0,0,0,4,-,13,11,1,10,0,9,9,9,1.62,0,0,0,0,56,216,0.244,1,0,0,1,2,0,0,0,0,0,2,6,0,1,8,18,0.44,0.278,9.8,16.6,6.23,6.92,0.90,0.375,0.333,0.708
23,최지강,두산,6.34,39,2,5,0,5,0.286,32 2/3,41,3,13,2,38,25,23,1.65,0,0,0,4,149,582,0.313,5,0,3,0,1,3,0,0,0,2,9,13,0,3,39,13,3.00,0.422,14.9,17.8,10.47,3.58,2.92,0.384,0.42,0.804
24,김호준,두산,6.75,19,0,1,0,1,0.000,10 2/3,14,2,7,0,7,11,8,1.97,0,0,0,1,54,218,0.298,3,0,0,0,1,1,0,0,0,0,3,2,0,2,22,4,5.50,0.316,11.5,20.4,5.91,5.91,1.00,0.389,0.489,0.878
24,윤태호,두산,6.75,10,0,1,0,1,0.000,17 1/3,16,2,5,0,16,14,13,1.21,0,0,0,0,73,287,0.246,6,0,2,1,0,2,0,1,0,0,2,0,0,1,14,20,0.70,0.292,28.7,16.6,8.31,2.6,3.20,0.296,0.431,0.727
26,고효준,두산,6.86,45,2,1,0,9,0.667,21,29,4,14,1,19,16,16,2.05,0,0,0,3,104,441,0.337,2,1,2,1,1,4,0,0,0,2,2,15,0,3,23,16,1.44,0.391,9.8,21.0,8.14,6.0,1.36,0.431,0.523,0.954
27,최준호,두산,8.44,9,1,2,0,0,0.333,16,18,4,9,2,11,15,15,1.69,0,0,0,0,74,305,0.29,5,0,0,1,0,2,0,3,0,1,2,0,0,1,14,20,0.70,0.292,33.9,19.1,6.19,5.06,1.22,0.392,0.565,0.957
28,김유성,두산,8.83,7,0,2,0,0,0.000,17 1/3,17,3,14,4,22,17,17,1.79,0,0,0,0,85,385,0.254,2,0,0,0,0,1,0,4,0,0,1,0,0,0,11,17,0.65,0.333,55.0,22.2,11.42,7.27,1.57,0.412,0.418,0.83
1,주승우,키움,2.45,42,2,2,16,5,0.500,44,35,7,17,2,35,13,12,1.18,0,0,0,4,179,713,0.222,1,0,2,0,0,1,0,0,0,2,25,25,1,6,37,51,0.73,0.241,17.0,16.2,7.16,3.48,2.06,0.305,0.361,0.666
2,웰스,키움,3.15,4,1,1,0,0,0.500,20,18,0,6,1,16,8,7,1.2,0,0,2,0,85,329,0.234,3,0,0,1,0,0,0,4,1,0,0,0,0,1,18,26,0.69,0.29,82.3,16.5,7.2,2.7,2.67,0.294,0.273,0.567
3,로젠버그,키움,3.23,13,4,4,0,0,0.500,75 1/3,63,5,25,4,80,33,27,1.17,0,0,6,0,320,1265,0.22,13,2,3,1,0,2,0,13,4,0,0,0,0,2,69,76,0.91,0.286,97.3,16.8,9.56,2.99,3.2,0.29,0.331,0.621
4,알칸타라,키움,3.27,19,8,4,0,0,0.667,121,125,11,10,4,92,50,44,1.12,0,0,14,0,492,1796,0.267,20,3,6,3,0,3,0,19,8,0,0,0,0,7,125,130,0.96,0.309,94.5,14.8,6.84,0.74,9.2,0.286,0.392,0.678
5,오석주,키움,3.7,53,2,1,0,7,0.667,58 1/3,52,4,29,7,44,24,24,1.39,0,0,0,1,252,1032,0.249,6,1,3,4,0,3,0,0,0,2,15,7,0,7,61,56,1.09,0.291,19.5,17.7,6.79,4.47,1.52,0.353,0.344,0.697
6,메르세데스,키움,4.47,8,3,3,0,0,0.500,46 1/3,54,5,9,0,41,24,23,1.36,0,0,2,0,197,764,0.292,12,0,2,1,0,2,1,8,3,0,0,0,0,4,52,39,1.33,0.35,95.5,16.5,7.96,1.75,4.56,0.323,0.438,0.761
7,박윤성,키움,4.53,54,0,5,1,6,0.000,51 2/3,55,9,19,1,40,31,26,1.43,0,0,0,3,226,905,0.271,12,0,3,0,0,4,1,0,0,0,11,6,0,4,43,65,0.66,0.299,16.8,17.5,6.97,3.31,2.11,0.336,0.463,0.799
8,김성민,키움,4.68,29,0,3,0,1,0.000,25,25,1,13,5,18,15,13,1.52,0,0,0,1,113,397,0.272,3,3,2,1,1,0,0,0,0,0,5,2,0,4,28,22,1.27,0.324,13.7,15.9,6.48,4.68,1.38,0.387,0.402,0.789
9,하영민,키움,4.99,28,7,14,0,0,0.333,153 1/3,169,13,41,9,134,90,85,1.37,0,0,14,0,669,2506,0.278,29,3,8,2,1,7,0,28,7,0,0,0,0,8,144,164,0.88,0.336,89.5,16.3,7.87,2.41,3.27,0.331,0.399,0.73
10,윤석원,키움,5.54,37,1,1,0,8,0.500,37 1/3,41,3,12,2,27,23,23,1.42,0,0,0,1,160,623,0.285,9,3,1,1,2,0,0,0,0,1,10,9,0,3,31,46,0.67,0.33,16.8,16.7,6.51,2.89,2.25,0.346,0.451,0.797
11,김선기,키움,5.65,44,1,7,0,2,0.125,78,96,6,47,11,43,55,49,1.83,0,0,0,0,381,1391,0.305,17,0,3,5,1,2,0,8,0,1,7,0,0,5,76,105,0.72,0.332,31.6,17.8,4.96,5.42,0.91,0.407,0.416,0.823
12,조영건,키움,5.68,51,5,5,8,7,0.500,77 2/3,84,12,38,4,47,51,49,1.57,0,0,0,2,353,1330,0.275,18,1,2,4,0,5,0,6,0,5,16,17,1,7,58,120,0.48,0.288,26.1,17.1,5.45,4.4,1.24,0.359,0.459,0.818
13,정현우,키움,5.86,18,3,7,0,0,0.300,81 1/3,92,8,48,6,55,63,53,1.72,0,0,3,0,384,1496,0.287,20,0,3,6,0,4,2,18,3,0,0,0,0,6,81,99,0.82,0.318,83.1,18.4,6.09,5.31,1.15,0.383,0.424,0.807
14,원종현,키움,6.13,61,2,4,5,11,0.333,54 1/3,68,5,18,3,40,42,37,1.58,0,0,0,6,248,931,0.313,8,2,7,3,2,6,0,0,0,2,13,22,1,3,63,49,1.29,0.36,15.3,17.1,6.63,2.98,2.22,0.369,0.438,0.807
15,김윤하,키움,6.14,19,0,12,0,0,0.000,88,113,16,44,3,52,76,60,1.78,0,0,4,1,422,1645,0.309,18,2,5,4,1,2,0,18,0,0,0,1,0,3,68,137,0.5,0.321,86.6,18.7,5.32,4.5,1.18,0.384,0.5,0.884
16,이강준,키움,6.57,29,0,3,0,2,0.000,24 2/3,29,3,17,2,26,22,18,1.86,0,0,0,0,119,492,0.296,5,0,2,0,0,2,0,0,0,0,3,2,0,2,28,15,1.87,0.377,17.0,19.9,9.49,6.2,1.53,0.41,0.439,0.849
17,박주성,키움,6.58,18,2,3,0,1,0.400,52,63,9,16,3,26,40,38,1.52,0,0,2,0,235,865,0.3,11,2,2,4,0,2,0,6,1,1,5,1,0,4,71,54,1.31,0.302,48.1,16.6,4.5,2.77,1.63,0.352,0.5,0.852
18,김연주,키움,6.62,20,1,3,0,0,0.250,51 2/3,67,10,25,6,28,40,38,1.78,0,0,0,0,250,939,0.316,14,2,2,5,2,0,0,8,1,0,1,0,0,1,47,75,0.63,0.318,47.0,18.2,4.88,4.35,1.12,0.395,0.542,0.937
19,김동규,키움,6.75,9,0,0,0,0,-,8,13,2,11,0,10,11,6,3.0,0,0,0,0,49,203,0.342,1,0,0,0,0,4,0,0,0,0,6,1,0,0,5,10,0.5,0.423,22.6,25.4,11.25,12.38,0.91,0.49,0.526,1.016
20,박정훈,키움,7.43,16,0,1,1,0,0.000,23,24,1,20,4,7,24,19,1.91,0,0,0,0,116,450,0.276,6,0,1,4,0,3,0,3,0,0,8,1,0,4,40,20,2.0,0.277,28.1,19.6,2.74,7.83,0.35,0.417,0.379,0.796
21,양지율,키움,8.36,18,0,2,0,1,0.000,14,18,3,7,3,10,13,13,1.79,0,0,0,0,69,268,0.305,1,2,0,0,0,1,0,0,0,0,4,1,0,1,15,16,0.94,0.326,14.9,19.1,6.43,4.5,1.43,0.406,0.542,0.948
22,윤현,키움,8.59,17,2,1,0,0,0.667,22,31,2,23,5,15,28,21,2.45,0,0,0,1,125,514,0.326,4,1,0,2,0,5,0,3,0,2,0,3,0,1,15,36,0.42,0.363,30.2,23.4,6.14,9.41,0.65,0.472,0.453,0.925
23,이준우,키움,8.61,31,1,4,0,3,0.200,23,37,6,12,1,22,23,22,2.13,0,0,0,0,118,469,0.359,7,1,2,0,0,0,0,0,0,1,4,3,0,1,22,22,1.0,0.413,15.1,20.4,8.61,4.7,1.83,0.431,0.621,1.052
24,전준표,키움,8.85,21,2,2,0,1,0.500,20 1/3,33,2,19,3,15,22,20,2.56,0,0,0,0,114,400,0.375,8,0,3,1,3,3,0,1,0,2,4,2,0,2,18,23,0.78,0.431,19.0,19.7,6.64,8.41,0.79,0.495,0.534,1.029
25,손힘찬,키움,11.25,4,0,0,0,0,-,4,5,0,4,1,4,5,5,2.25,0,0,0,0,22,84,0.294,2,0,0,0,0,1,0,0,0,0,2,0,0,0,2,6,0.33,0.385,21.0,21.0,9.0,9.0,1.0,0.455,0.412,0.867
26,손현기,키움,15.0,2,0,0,0,0,-,3,4,1,6,1,1,5,5,3.33,0,0,0,0,18,78,0.364,1,0,0,0,0,1,0,0,0,0,0,0,0,2,3,3,1.0,0.333,39.0,26.0,3.0,18.0,0.17,0.611,0.727,1.338
27,정세영,키움,16.88,4,0,1,0,0,0.000,2 2/3,9,0,4,0,2,6,5,4.88,0,0,0,0,22,84,0.5,2,0,0,0,0,1,0,1,0,0,1,0,0,0,1,6,0.17,0.563,21.0,31.5,6.75,13.5,0.5,0.591,0.611,1.202
28,김서준,키움,20.25,4,0,0,0,0,-,5 1/3,14,2,5,0,4,12,12,3.56,0,0,0,0,34,123,0.5,5,0,0,1,0,1,0,0,0,0,2,0,0,1,5,6,0.83,0.522,30.8,23.1,6.75,8.44,0.8,0.559,0.893,1.452
29,임진묵,키움,24.55,4,0,0,0,0,-,3 2/3,10,0,5,1,3,11,10,4.09,0,0,0,0,28,108,0.476,2,1,0,1,0,1,0,0,0,0,2,0,0,0,3,6,0.5,0.526,27.0,29.5,7.36,12.27,0.6,0.571,0.667,1.238
