ID,순위,선수명,팀명,AVG,G,PA,AB,R,H,2B,3B,HR,TB,RBI,SAC,SF,BB,IBB,HBP,SO,GDP,SLG,OBP,OPS,MH,RISP,PH-BA,XBH,GO,AO,GO/AO,GW RBI,BB/K,P/PA,ISOP,XR,GPA
62558,1,김준태,LG,1.000,2,2,1,1,1,0,0,0,1,0,0,0,1,0,0,0,0,1.000,1.000,2.000,0,0.0,1.0,0,0,0,-,0,-,3.00,0.000,0.8,0.7
54166,2,김현종,LG,0.400,10,6,5,3,2,1,0,0,3,0,0,0,1,0,0,1,1,0.600,0.500,1.100,0,0.0,0.5,1,2,0,-,0,1.00,2.83,0.200,0.9,0.375
65207,3,신민재,LG,0.313,135,538,463,87,145,15,7,1,177,61,6,4,62,0,3,57,7,0.382,0.395,0.777,37,0.407,0.5,23,191,74,2.58,4,1.09,3.89,0.069,72.5,0.273
53123,4,오스틴,LG,0.313,116,499,425,82,133,25,1,31,253,95,0,11,61,7,2,62,11,0.595,0.393,0.988,38,0.292,0.0,57,74,167,0.44,11,0.98,3.79,0.282,96.2,0.326
68119,5,문성주,LG,0.305,135,542,475,57,145,20,2,3,178,70,0,9,54,0,4,59,10,0.375,0.375,0.750,43,0.321,0.167,25,166,114,1.46,10,0.92,3.77,0.069,69.7,0.263
76290,6,김현수,LG,0.298,140,552,483,66,144,24,0,12,204,90,0,1,64,1,4,73,10,0.422,0.384,0.806,36,0.362,0.4,36,147,120,1.23,15,0.88,3.89,0.124,77.9,0.278
66108,7,홍창기,LG,0.287,51,215,174,32,50,4,0,1,57,16,2,4,29,0,6,40,4,0.328,0.399,0.727,11,0.146,0.667,5,59,29,2.03,1,0.73,4.32,0.040,27.9,0.262
69100,8,구본혁,LG,0.286,131,397,343,41,98,16,2,1,121,38,12,0,36,1,6,44,4,0.353,0.364,0.717,26,0.299,0.333,19,100,101,0.99,2,0.82,3.80,0.067,45.5,0.252
52103,9,최원영,LG,0.282,119,115,103,37,29,5,0,0,34,2,3,1,4,0,4,20,4,0.330,0.330,0.660,2,0.174,0.667,5,30,25,1.20,0,0.20,3.55,0.049,10.7,0.231
62415,10,박해민,LG,0.276,144,544,442,80,122,18,2,3,153,43,22,4,68,0,8,94,7,0.346,0.379,0.725,29,0.231,0.0,23,100,130,0.77,3,0.72,3.96,0.070,69.3,0.257
69102,11,문보경,LG,0.276,141,607,515,91,142,21,1,24,237,108,0,9,79,3,4,108,15,0.460,0.371,0.831,38,0.274,0.333,46,162,112,1.45,13,0.73,4.13,0.184,90.2,0.282
55164,12,박관우,LG,0.264,39,58,53,12,14,2,0,2,22,13,0,1,3,0,1,11,1,0.415,0.310,0.725,0,0.294,0.368,4,13,16,0.81,0,0.27,3.50,0.151,7.1,0.243
79109,13,오지환,LG,0.253,127,472,419,57,106,24,1,16,180,62,7,6,37,0,3,115,4,0.430,0.314,0.744,27,0.283,0.333,41,90,114,0.79,6,0.32,4.19,0.177,58.8,0.249
79365,14,박동원,LG,0.253,139,523,451,57,114,25,0,22,205,76,3,5,62,4,2,124,10,0.455,0.342,0.797,27,0.235,0.143,47,110,108,1.02,8,0.50,3.89,0.202,72.2,0.268
50054,15,천성호,LG,0.237,83,199,173,24,41,9,2,1,57,17,4,0,17,0,5,29,2,0.329,0.323,0.652,8,0.25,0.154,12,58,45,1.29,3,0.59,3.67,0.092,19.5,0.228
52154,16,이주헌,LG,0.219,76,156,128,22,28,3,0,4,43,9,2,0,18,0,8,30,2,0.336,0.351,0.687,5,0.111,0.25,7,31,39,0.79,1,0.60,3.78,0.117,17.4,0.242
68110,17,송찬의,LG,0.211,66,166,147,18,31,9,1,3,51,20,1,1,9,0,8,49,4,0.347,0.291,0.638,7,0.237,0.273,13,29,39,0.74,3,0.18,3.90,0.136,14.4,0.218
51100,18,이영빈,LG,0.208,44,75,72,12,15,1,1,3,27,9,1,1,1,0,0,35,1,0.375,0.216,0.591,1,0.238,0.0,5,9,14,0.64,0,0.03,4.45,0.167,6.2,0.191
52105,19,김성우,LG,0.200,7,5,5,0,1,0,0,0,1,1,0,0,0,0,0,1,0,0.200,0.200,0.400,0,0.333,0.0,0,2,1,2.00,0,0.00,2.80,0.000,0.1,0.14
66162,19,김주성,LG,0.200,16,17,15,3,3,0,0,1,6,1,0,0,1,0,1,2,0,0.400,0.294,0.694,0,0.0,0.25,1,4,6,0.67,0,0.50,3.94,0.200,1.4,0.232
54156,19,손용준,LG,0.200,9,16,15,3,3,0,0,0,3,1,0,0,0,0,1,5,2,0.200,0.250,0.450,0,0.25,0.0,0,7,0,-,1,0.00,3.19,0.000,0.2,0.163
50108,22,함창건,LG,0.188,15,36,32,2,6,2,0,0,8,2,0,1,3,0,0,9,1,0.250,0.250,0.500,1,0.1,0.2,2,6,12,0.50,0,0.33,3.75,0.063,2.0,0.175
67504,23,김민수,LG,0.182,13,13,11,0,2,0,0,0,2,1,0,1,1,0,0,6,0,0.182,0.231,0.413,0,0.0,0.0,0,1,3,0.33,0,0.17,4.46,0.000,1.0,0.149
52121,24,문정빈,LG,0.167,21,33,30,5,5,0,0,2,11,4,0,0,1,0,2,11,0,0.367,0.242,0.609,1,0.1,0.333,2,7,7,1.00,0,0.09,3.88,0.200,3.1,0.201
55167,25,김영우,LG,-,4,0,0,0,0,0,0,0,0,0,0,0,0,0,0,0,0,-,-,-,0,0.0,0.0,0,0,0,-,0,-,-,-,0.0,0.0
75867,25,김진성,LG,-,5,0,0,0,0,0,0,0,0,0,0,0,0,0,0,0,0,-,-,-,0,0.0,0.0,0,0,0,-,0,-,-,-,0.0,0.0
51154,25,김진수,LG,-,1,0,0,0,0,0,0,0,0,0,0,0,0,0,0,0,0,-,-,-,0,0.0,0.0,0,0,0,-,0,-,-,-,0.0,0.0
53139,25,박명근,LG,-,5,0,0,0,0,0,0,0,0,0,0,0,0,0,0,0,0,-,-,-,0,0.0,0.0,0,0,0,-,0,-,-,-,0.0,0.0
65109,25,백승현,LG,-,3,0,0,0,0,0,0,0,0,0,0,0,0,0,0,0,0,-,-,-,0,0.0,0.0,0,0,0,-,0,-,-,-,0.0,0.0
51526,25,우강훈,LG,-,2,0,0,0,0,0,0,0,0,0,0,0,0,0,0,0,0,-,-,-,0,0.0,0.0,0,0,0,-,0,-,-,-,0.0,0.0
50106,25,유영찬,LG,0.000,11,2,1,0,0,0,0,0,0,0,0,0,1,0,0,0,0,0.000,0.500,0.500,0,0.0,0.0,0,0,1,0.00,0,-,4.00,0.000,0.3,0.225
61145,25,이우찬,LG,-,1,0,0,0,0,0,0,0,0,0,0,0,0,0,0,0,0,-,-,-,0,0.0,0.0,0,0,0,-,0,-,-,-,0.0,0.0
69134,25,이정용,LG,-,8,0,0,0,0,0,0,0,0,0,0,0,0,0,0,0,0,-,-,-,0,0.0,0.0,0,0,0,-,0,-,-,-,0.0,0.0
69108,25,이지강,LG,-,6,0,0,0,0,0,0,0,0,0,0,0,0,0,0,0,0,-,-,-,0,0.0,0.0,0,0,0,-,0,-,-,-,0.0,0.0
63950,25,장현식,LG,-,6,0,0,0,0,0,0,0,0,0,0,0,0,0,0,0,0,-,-,-,0,0.0,0.0,0,0,0,-,0,-,-,-,0.0,0.0
65905,25,최승민,LG,0.000,19,6,5,6,0,0,0,0,0,0,0,0,1,0,0,2,0,0.000,0.167,0.167,0,0.0,0.0,0,3,0,-,0,0.50,3.17,0.000,-0.6,0.075
63248,25,함덕주,LG,-,3,0,0,0,0,0,0,0,0,0,0,0,0,0,0,0,0,-,-,-,0,0.0,0.0,0,0,0,-,0,-,-,-,0.0,0.0
55712,1,이승현,한화,1.000,4,1,1,1,1,0,1,0,3,1,0,0,0,0,0,0,0,3.000,1.000,4.000,0,1.0,1.0,1,0,0,-,0,-,1.00,2.000,1.0,1.2
51762,1,장규현,한화,1.000,2,2,1,1,1,0,0,0,1,0,0,0,1,0,0,0,0,1.000,1.000,2.000,0,0.0,0.0,0,0,0,-,0,-,3.50,0.000,0.8,0.7
53764,3,문현빈,한화,0.320,141,592,528,71,169,30,2,12,239,80,5,11,38,2,10,82,11,0.453,0.370,0.823,53,0.319,0.25,44,148,140,1.06,13,0.46,3.62,0.133,88.0,0.28
55703,4,리베라토,한화,0.313,62,273,246,41,77,18,2,10,129,39,0,4,23,0,0,47,3,0.524,0.366,0.890,22,0.339,0.0,30,60,66,0.91,6,0.49,3.62,0.211,45.7,0.296
62700,5,하주석,한화,0.297,95,305,276,34,82,14,0,4,108,28,11,1,12,0,5,66,10,0.391,0.337,0.728,24,0.329,0.091,18,74,55,1.35,1,0.18,3.52,0.094,32.8,0.249
77532,6,손아섭,한화,0.288,111,416,372,39,107,22,3,1,138,50,4,2,37,2,1,59,3,0.371,0.352,0.723,24,0.31,0.222,26,133,75,1.77,3,0.63,3.79,0.083,47.8,0.251
79192,7,채은성,한화,0.288,132,527,480,54,138,27,1,19,224,88,3,0,31,5,13,96,4,0.467,0.347,0.814,39,0.333,0.0,47,117,129,0.91,10,0.32,3.72,0.179,74.5,0.273
78288,8,최재훈,한화,0.286,121,348,269,28,77,15,0,1,95,35,10,6,46,0,17,48,4,0.353,0.414,0.767,16,0.355,0.0,16,85,65,1.31,4,0.96,4.14,0.067,47.5,0.275
66657,9,이진영,한화,0.274,115,366,321,49,88,13,0,11,134,43,0,5,38,0,2,93,8,0.417,0.350,0.767,19,0.239,0.25,24,80,65,1.23,2,0.41,3.95,0.143,46.9,0.262
54795,10,황영묵,한화,0.273,117,286,260,40,71,17,1,1,93,22,2,1,20,0,2,37,4,0.358,0.329,0.687,18,0.3,0.455,19,96,57,1.68,4,0.54,3.64,0.085,29.1,0.238
55734,11,플로리얼,한화,0.271,65,285,258,36,70,18,2,8,116,29,0,2,24,2,1,65,2,0.450,0.333,0.783,21,0.222,0.0,28,56,69,0.81,3,0.37,3.86,0.178,39.8,0.262
66704,12,김태연,한화,0.261,120,340,303,40,79,15,0,3,103,20,6,0,23,0,8,62,10,0.340,0.329,0.669,19,0.197,0.067,18,72,90,0.80,1,0.37,3.74,0.079,32.0,0.233
65703,13,이도윤,한화,0.260,113,277,250,37,65,11,3,1,85,36,10,3,11,1,3,52,5,0.340,0.296,0.636,13,0.25,0.4,15,72,64,1.13,3,0.21,3.85,0.080,24.9,0.218
69737,14,노시환,한화,0.260,144,624,539,97,140,28,2,32,268,101,0,4,70,10,11,125,22,0.497,0.354,0.851,37,0.29,0.0,62,121,157,0.77,16,0.56,3.94,0.237,91.3,0.284
50707,15,최인호,한화,0.259,78,159,139,7,36,9,0,2,51,19,1,1,13,0,5,29,5,0.367,0.342,0.709,6,0.3,0.308,11,38,37,1.03,2,0.45,4.16,0.108,17.2,0.246
64006,16,심우준,한화,0.231,94,275,247,39,57,9,1,2,74,22,7,1,17,0,3,49,4,0.300,0.287,0.587,9,0.25,0.0,12,69,73,0.95,2,0.35,3.94,0.069,23.0,0.204
68700,17,이원석,한화,0.203,129,248,212,60,43,7,0,4,62,24,7,2,23,0,4,51,4,0.292,0.290,0.582,11,0.149,0.5,11,55,65,0.85,6,0.45,3.77,0.090,22.9,0.204
52704,18,이상혁,한화,0.200,39,12,10,14,2,1,0,0,3,2,1,0,0,0,1,3,0,0.300,0.273,0.573,0,0.25,0.0,1,2,3,0.67,0,0.00,3.17,0.100,0.1,0.198
76812,18,이재원,한화,0.200,98,151,125,4,25,2,1,1,32,12,8,3,14,0,1,23,3,0.256,0.280,0.536,3,0.162,0.0,4,46,34,1.35,0,0.61,3.46,0.056,10.5,0.19
79608,20,안치홍,한화,0.172,66,196,174,9,30,4,0,2,40,18,4,1,16,2,1,39,4,0.230,0.245,0.475,5,0.238,0.2,6,49,57,0.86,2,0.41,3.75,0.057,9.7,0.168
52764,20,허인서,한화,0.172,20,30,29,2,5,1,0,0,6,2,0,0,0,0,1,12,1,0.207,0.200,0.407,0,0.182,0.333,1,9,3,3.00,0,0.00,3.47,0.034,0.4,0.142
52769,22,권광민,한화,0.167,15,18,18,2,3,1,0,0,4,0,0,0,0,0,0,5,1,0.222,0.167,0.389,0,0.0,0.25,1,6,4,1.50,0,0.00,4.06,0.056,0.0,0.131
50704,22,임종찬,한화,0.167,17,35,30,2,5,1,0,1,9,2,0,0,5,0,0,13,0,0.300,0.286,0.586,1,0.2,0.0,2,4,8,0.50,0,0.38,4.20,0.133,3.4,0.204
69766,24,유로결,한화,0.154,20,16,13,1,2,0,0,0,2,0,2,0,0,0,1,4,0,0.154,0.214,0.368,0,0.0,0.0,0,4,3,1.33,0,0.00,2.81,0.000,0.6,0.135
66715,25,김인환,한화,0.080,10,26,25,2,2,0,0,1,5,3,0,0,1,0,0,9,1,0.200,0.115,0.315,0,0.167,0.0,1,8,6,1.33,1,0.11,4.46,0.120,-0.2,0.102
53754,26,김서현,한화,-,3,0,0,0,0,0,0,0,0,0,0,0,0,0,0,0,0,-,-,-,0,0.0,0.0,0,0,0,-,0,-,-,-,0.0,0.0
50711,26,김승일,한화,-,1,0,0,0,0,0,0,0,0,0,0,0,0,0,0,0,0,-,-,-,0,0.0,0.0,0,0,0,-,0,-,-,-,0.0,0.0
63765,26,김종수,한화,-,1,0,0,0,0,0,0,0,0,0,0,0,0,0,0,0,0,-,-,-,0,0.0,0.0,0,0,0,-,0,-,-,-,0.0,0.0
67703,26,박상원,한화,-,1,0,0,0,0,0,0,0,0,0,0,0,0,0,0,0,0,-,-,-,0,0.0,0.0,0,0,0,-,0,-,-,-,0.0,0.0
50709,26,박정현,한화,0.000,2,2,2,0,0,0,0,0,0,0,0,0,0,0,0,1,0,0.000,0.000,0.000,0,0.0,0.0,0,1,0,-,0,0.00,4.00,0.000,-0.2,0.0
69213,26,윤산흠,한화,-,1,0,0,0,0,0,0,0,0,0,0,0,0,0,0,0,0,-,-,-,0,0.0,0.0,0,0,0,-,0,-,-,-,0.0,0.0
55710,26,이민재,한화,0.000,3,4,4,0,0,0,0,0,0,0,0,0,0,0,0,1,1,0.000,0.000,0.000,0,0.0,0.0,0,1,2,0.50,0,0.00,3.75,0.000,-0.7,0.0
55743,26,정우주,한화,-,3,0,0,0,0,0,0,0,0,0,0,0,0,0,0,0,0,-,-,-,0,0.0,0.0,0,0,0,-,0,-,-,-,0.0,0.0
54768,26,조동욱,한화,-,2,0,0,0,0,0,0,0,0,0,0,0,0,0,0,0,0,-,-,-,0,0.0,0.0,0,0,0,-,0,-,-,-,0.0,0.0
61666,26,한승혁,한화,-,1,0,0,0,0,0,0,0,0,0,0,0,0,0,0,0,0,-,-,-,0,0.0,0.0,0,0,0,-,0,-,-,-,0.0,0.0
52803,1,김태윤,SSG,0.5,8,4,2,0,1,0,0,0,1,0,0,0,2,0,0,0,0,0.5,0.75,1.25,0,0.0,1.0,0,0,1,0.00,0,-,5.75,0.0,1.0,0.463
54815,1,정현승,SSG,0.5,3,2,2,0,1,1,0,0,2,0,0,0,0,0,0,0,0,1.0,0.5,1.5,0,0.0,0.0,1,0,1,0.00,0,-,5.0,0.5,0.6,0.475
53827,3,에레디아,SSG,0.339,96,415,375,46,127,18,0,13,184,54,0,2,31,4,7,62,9,0.491,0.398,0.889,36,0.366,0.0,31,89,99,0.90,4,0.50,3.45,0.152,66.4,0.302
50840,4,현원회,SSG,0.305,21,62,59,6,18,1,0,1,22,6,0,0,3,0,0,16,3,0.373,0.339,0.712,4,0.235,0.5,2,14,11,1.27,1,0.19,4.23,0.068,6.3,0.246
50868,5,류효승,SSG,0.287,27,103,94,18,27,5,0,6,50,16,0,0,7,0,2,28,1,0.532,0.35,0.882,7,0.273,0.5,11,15,24,0.63,3,0.25,4.03,0.245,16.4,0.291
50854,6,최지훈,SSG,0.284,140,574,517,66,147,16,4,7,192,45,4,5,43,2,5,87,2,0.371,0.342,0.713,37,0.28,0.286,27,117,171,0.68,6,0.49,3.91,0.087,72.0,0.247
51868,7,고명준,SSG,0.278,130,500,471,46,131,20,1,17,204,64,0,7,20,1,2,99,12,0.433,0.306,0.739,43,0.235,0.0,38,124,124,1.00,11,0.20,3.38,0.155,60.9,0.246
67893,8,박성한,SSG,0.274,127,538,452,73,124,23,2,7,172,48,2,2,79,1,3,93,6,0.381,0.384,0.765,31,0.275,0.5,32,125,112,1.12,5,0.85,4.51,0.106,69.8,0.268
62895,9,한유섬,SSG,0.273,128,511,455,50,124,24,0,15,193,71,1,2,46,3,7,120,6,0.424,0.347,0.771,36,0.291,0.333,39,94,119,0.79,8,0.38,3.95,0.152,67.1,0.262
52804,10,석정우,SSG,0.265,27,54,49,3,13,1,0,2,20,4,0,0,4,0,1,18,1,0.408,0.333,0.741,0,0.3,0.0,3,10,8,1.25,1,0.22,4.19,0.143,6.5,0.252
66864,11,안상현,SSG,0.264,102,289,258,38,68,8,2,6,98,15,9,2,18,0,2,85,2,0.38,0.314,0.694,19,0.2,0.0,16,56,51,1.10,1,0.21,3.87,0.116,33.0,0.236
54812,12,정준재,SSG,0.245,132,442,371,58,91,10,3,0,107,25,16,1,51,0,3,93,4,0.288,0.34,0.628,21,0.276,0.267,13,114,74,1.54,4,0.55,3.92,0.043,45.4,0.225
75847,13,최정,SSG,0.244,95,406,340,54,83,12,0,23,164,63,0,3,51,6,12,94,10,0.482,0.36,0.842,22,0.247,0.0,35,61,105,0.58,9,0.54,4.06,0.238,60.3,0.283
79456,14,이지영,SSG,0.239,76,216,197,13,47,6,1,3,64,18,4,2,11,0,2,22,8,0.325,0.283,0.608,14,0.177,0.0,10,73,57,1.28,2,0.50,3.29,0.086,16.9,0.209
51865,15,조형우,SSG,0.238,102,294,269,23,64,8,0,4,84,29,1,2,19,0,3,64,5,0.312,0.294,0.606,13,0.244,0.0,12,69,74,0.93,3,0.30,3.85,0.074,25.0,0.21
55832,16,이율예,SSG,0.231,8,13,13,3,3,0,0,3,12,7,0,0,0,0,0,6,0,0.923,0.231,1.154,0,0.25,0.0,3,1,3,0.33,1,0.00,4.54,0.692,3.4,0.335
76802,17,김성현,SSG,0.217,59,137,115,15,25,3,0,1,31,11,4,1,16,0,1,20,4,0.27,0.316,0.586,2,0.226,0.375,4,38,33,1.15,0,0.80,3.66,0.052,10.5,0.21
55844,18,맥브룸,SSG,0.203,22,80,74,8,15,3,0,4,30,11,0,0,5,2,1,28,2,0.405,0.263,0.668,4,0.261,0.0,7,17,14,1.21,0,0.18,4.23,0.203,7.5,0.22
60558,19,오태곤,SSG,0.201,122,229,194,31,39,6,0,5,60,26,3,1,30,0,1,59,4,0.309,0.31,0.619,9,0.196,0.242,11,53,44,1.20,6,0.51,3.85,0.108,22.6,0.217
54806,20,이승민,SSG,0.2,2,5,5,0,1,0,0,0,1,0,0,0,0,0,0,2,0,0.2,0.2,0.4,0,0.0,1.0,0,1,1,1.00,0,0.00,4.2,0.0,0.1,0.14
55897,20,홍대인,SSG,0.2,14,5,5,3,1,0,0,0,1,0,0,0,0,0,0,2,0,0.2,0.2,0.4,0,0.0,0.0,0,1,1,1.00,0,0.00,3.6,0.0,0.0,0.14
62934,22,김성욱,SSG,0.195,56,132,123,10,24,6,0,2,36,13,1,0,7,0,1,35,2,0.293,0.244,0.537,5,0.189,0.0,8,29,35,0.83,1,0.20,3.72,0.098,7.6,0.183
68868,23,최준우,SSG,0.191,78,192,152,17,29,0,0,3,38,22,3,4,30,0,3,47,3,0.25,0.328,0.578,5,0.262,0.148,3,51,29,1.76,3,0.64,4.03,0.059,17.9,0.21
69804,24,채현우,SSG,0.188,41,52,48,8,9,1,1,1,15,9,0,1,3,0,0,13,1,0.313,0.231,0.544,2,0.231,0.0,3,15,12,1.25,1,0.23,3.52,0.125,4.0,0.182
66662,25,신범수,SSG,0.182,29,39,33,1,6,1,0,1,10,3,0,0,5,0,1,7,0,0.303,0.308,0.611,0,0.143,0.4,2,7,13,0.54,0,0.71,3.41,0.121,3.7,0.214
66917,26,김찬형,SSG,0.178,44,78,73,4,13,2,0,0,15,5,1,0,3,0,1,13,3,0.205,0.221,0.426,3,0.25,0.0,2,24,23,1.04,0,0.23,4.06,0.027,1.7,0.151
54805,27,박지환,SSG,0.15,31,68,60,3,9,0,0,0,9,4,3,1,4,0,0,19,1,0.15,0.2,0.35,1,0.176,0.0,0,15,18,0.83,0,0.21,3.53,0.0,0.9,0.128
68805,28,최상민,SSG,0.143,23,9,7,5,1,0,0,0,1,1,0,0,1,0,1,5,0,0.143,0.333,0.476,0,0.0,0.0,0,1,0,-,0,0.20,4.67,0.0,0.5,0.186
69813,28,하재훈,SSG,0.143,18,61,56,6,8,0,0,3,17,8,0,1,4,0,0,21,1,0.304,0.197,0.501,1,0.167,0.0,3,14,14,1.00,1,0.19,3.72,0.161,3.2,0.165
67900,30,김수윤,SSG,0.091,7,12,11,0,1,0,0,0,1,0,0,0,0,0,1,4,0,0.091,0.167,0.258,0,0.0,0.0,0,3,3,1.00,0,0.00,3.92,0.0,-0.1,0.098
71837,31,김강민,SSG,-,1,0,0,0,0,0,0,0,0,0,0,0,0,0,0,0,0,-,-,-,0,0.0,0.0,0,0,0,-,0,-,-,-,0.0,0.0
51867,31,김건우,SSG,-,1,0,0,0,0,0,0,0,0,0,0,0,0,0,0,0,0,-,-,-,0,0.0,0.0,0,0,0,-,0,-,-,-,0.0,0.0
69825,31,김창평,SSG,-,4,0,0,1,0,0,0,0,0,0,0,0,0,0,0,0,0,-,-,-,0,0.0,0.0,0,0,0,-,0,-,-,-,0.0,0.0
65343,31,김택형,SSG,-,1,0,0,0,0,0,0,0,0,0,0,0,0,0,0,0,0,-,-,-,0,0.0,0.0,0,0,0,-,0,-,-,-,0.0,0.0
73211,31,노경은,SSG,-,1,0,0,0,0,0,0,0,0,0,0,0,0,0,0,0,0,-,-,-,0,0.0,0.0,0,0,0,-,0,-,-,-,0.0,0.0
53892,31,이로운,SSG,-,1,0,0,0,0,0,0,0,0,0,0,0,0,0,0,0,0,-,-,-,0,0.0,0.0,0,0,0,-,0,-,-,-,0.0,0.0
67807,31,이정범,SSG,0.000,3,3,3,0,0,0,0,0,0,0,0,0,0,0,0,2,0,0.000,0.000,0.000,0,0.0,0.0,0,0,1,0.00,0,0.00,4.67,0.000,-0.3,0.0
52807,31,임근우,SSG,0.000,3,5,5,0,0,0,0,0,0,0,0,0,0,0,0,1,0,0.000,0.000,0.000,0,0.0,0.0,0,2,2,1.00,0,0.00,3.80,0.000,-0.5,0.0
52809,31,전영준,SSG,-,1,0,0,0,0,0,0,0,0,0,0,0,0,0,0,0,0,-,-,-,0,0.0,0.0,0,0,0,-,0,-,-,-,0.0,0.0
51897,31,조병현,SSG,-,2,0,0,0,0,0,0,0,0,0,0,0,0,0,0,0,0,-,-,-,0,0.0,0.0,0,0,0,-,0,-,-,-,0.0,0.0
68856,31,최민준,SSG,-,1,0,0,0,0,0,0,0,0,0,0,0,0,0,0,0,0,-,-,-,0,0.0,0.0,0,0,0,-,0,-,-,-,0.0,0.0
54803,31,최현석,SSG,-,1,0,0,0,0,0,0,0,0,0,0,0,0,0,0,0,0,-,-,-,0,0.0,0.0,0,0,0,-,0,-,-,-,0.0,0.0
68092,31,한두솔,SSG,-,1,0,0,0,0,0,0,0,0,0,0,0,0,0,0,0,0,-,-,-,0,0.0,0.0,0,0,0,-,0,-,-,-,0.0,0.0
69207,1,김태근,삼성,0.333,11,14,12,2,4,0,0,0,4,0,0,0,2,0,0,4,0,0.333,0.429,0.762,0,0.0,0.5,0,1,3,0.33,0,0.50,3.86,0.000,1.9,0.276
67449,2,김성윤,삼성,0.331,127,538,456,92,151,29,9,6,216,61,10,2,65,0,5,54,11,0.474,0.419,0.893,45,0.402,0.4,44,159,94,1.69,4,1.20,3.67,0.143,87.8,0.307
62404,3,구자욱,삼성,0.319,142,616,529,106,169,43,2,19,273,96,1,8,73,7,5,91,9,0.516,0.402,0.918,46,0.351,0.333,64,147,130,1.13,15,0.80,4.05,0.197,105.7,0.31
54400,4,디아즈,삼성,0.314,144,628,551,93,173,32,0,50,355,158,0,11,60,10,6,100,15,0.644,0.381,1.025,50,0.352,1.0,82,103,186,0.55,16,0.60,3.82,0.330,126.0,0.332
69418,5,박승규,삼성,0.287,64,200,174,39,50,5,0,6,73,14,1,0,21,0,4,43,2,0.420,0.377,0.797,12,0.2,0.143,11,38,43,0.88,1,0.49,4.15,0.132,27.7,0.275
69442,6,김도환,삼성,0.286,6,14,14,3,4,1,0,0,5,1,0,0,0,0,0,4,0,0.357,0.286,0.643,1,1.0,0.0,1,2,4,0.50,0,0.00,3.36,0.071,1.3,0.218
50458,7,김지찬,삼성,0.281,90,373,317,59,89,9,2,0,102,23,10,3,38,0,5,44,7,0.322,0.364,0.686,24,0.286,0.0,11,105,82,1.28,4,0.86,3.78,0.041,43.2,0.244
62234,8,류지혁,삼성,0.280,129,464,400,54,112,14,0,1,129,37,14,4,33,0,13,73,11,0.323,0.351,0.674,29,0.247,0.2,15,130,89,1.46,3,0.45,3.82,0.043,47.2,0.239
65586,9,전병우,삼성,0.273,59,97,77,11,21,2,0,1,26,13,0,0,19,0,1,27,3,0.338,0.423,0.761,2,0.381,0.412,3,10,19,0.53,1,0.70,4.13,0.065,12.5,0.275
74540,10,강민호,삼성,0.269,127,465,412,37,111,23,1,12,172,71,1,7,38,4,7,69,16,0.417,0.336,0.753,26,0.333,0.3,36,130,109,1.19,6,0.55,3.62,0.148,56.1,0.255
54408,11,양도근,삼성,0.259,116,198,166,23,43,5,0,0,48,16,11,1,18,0,2,41,3,0.289,0.337,0.626,12,0.22,0.286,5,44,39,1.13,3,0.44,3.74,0.030,18.3,0.224
52415,12,이재현,삼성,0.254,139,555,457,82,116,29,1,16,195,67,10,8,69,1,11,119,8,0.427,0.360,0.787,29,0.256,0.333,46,88,142,0.62,6,0.58,4.37,0.173,76.6,0.269
52430,13,김영웅,삼성,0.249,125,499,446,66,111,22,2,22,203,72,0,3,48,3,2,143,6,0.455,0.323,0.778,25,0.268,0.0,46,83,112,0.74,3,0.34,3.97,0.206,66.9,0.259
65040,14,김태훈,삼성,0.237,51,98,93,4,22,1,0,2,29,8,2,0,3,0,0,24,0,0.312,0.260,0.572,2,0.15,0.24,3,25,22,1.14,1,0.13,3.23,0.075,7.8,0.195
66406,15,안주형,삼성,0.235,8,18,17,3,4,0,0,1,7,2,0,0,1,0,0,5,1,0.412,0.278,0.690,0,0.0,0.0,1,5,3,1.67,0,0.20,4.11,0.176,1.4,0.228
61404,16,김헌곤,삼성,0.225,77,191,173,21,39,6,0,2,51,11,2,1,11,0,4,29,4,0.295,0.286,0.581,6,0.114,0.333,8,57,49,1.16,1,0.38,3.79,0.069,14.5,0.202
55440,17,함수호,삼성,0.214,6,14,14,1,3,0,0,0,3,1,0,0,0,0,0,6,0,0.214,0.214,0.428,1,0.25,0.0,0,4,1,4.00,0,0.00,3.79,0.000,0.5,0.15
69428,18,이병헌,삼성,0.200,55,59,55,5,11,3,0,1,17,7,0,0,3,0,1,13,1,0.309,0.254,0.563,3,0.273,0.0,4,17,14,1.21,0,0.23,3.88,0.109,4.0,0.192
51407,18,이창용,삼성,0.200,11,17,15,2,3,1,0,1,7,2,0,0,2,0,0,8,0,0.467,0.294,0.761,0,0.167,0.0,2,4,0,-,0,0.25,4.65,0.267,2.4,0.249
69416,18,이해승,삼성,0.200,8,5,5,2,1,0,0,0,1,1,0,0,0,0,0,2,0,0.200,0.200,0.400,0,0.5,0.0,0,0,2,0.00,0,0.00,4.80,0.000,0.1,0.14
75125,21,박병호,삼성,0.199,77,232,196,26,39,5,0,15,89,33,0,2,27,0,7,70,5,0.454,0.315,0.769,9,0.208,0.063,20,36,53,0.68,2,0.39,4.22,0.255,30.5,0.255
66409,22,이성규,삼성,0.198,68,154,126,17,25,5,1,6,50,21,1,2,15,0,10,52,3,0.397,0.327,0.724,3,0.256,0.154,12,22,29,0.76,2,0.29,4.28,0.198,18.2,0.246
69403,23,양우현,삼성,0.188,14,16,16,3,3,1,0,0,4,4,0,0,0,0,0,2,0,0.250,0.188,0.438,0,0.286,0.0,1,7,4,1.75,2,0.00,3.63,0.063,0.5,0.147
55438,24,심재훈,삼성,0.184,31,43,38,8,7,0,0,0,7,2,1,0,4,0,0,13,0,0.184,0.262,0.446,2,0.222,0.0,0,12,6,2.00,0,0.31,3.86,0.000,2.2,0.164
68463,25,윤정빈,삼성,0.175,25,46,40,3,7,1,0,0,8,3,0,2,4,0,0,18,1,0.200,0.239,0.439,2,0.286,0.167,1,7,10,0.70,0,0.22,3.96,0.025,2.3,0.158
65132,26,김재성,삼성,0.127,43,73,63,3,8,2,0,0,10,4,1,1,6,0,2,23,0,0.159,0.222,0.381,1,0.133,0.0,2,13,20,0.65,0,0.26,3.88,0.032,2.4,0.14
67005,27,홍현빈,삼성,0.125,32,38,32,8,4,2,0,0,6,0,2,0,3,0,1,8,0,0.188,0.222,0.410,0,0.167,0.143,2,4,16,0.25,0,0.38,3.97,0.063,1.3,0.147
54401,28,김대호,삼성,-,1,0,0,0,0,0,0,0,0,0,0,0,0,0,0,0,0,-,-,-,0,0.0,0.0,0,0,0,-,0,-,-,-,0.0,0.0
65062,28,김재윤,삼성,-,2,0,0,0,0,0,0,0,0,0,0,0,0,0,0,0,0,-,-,-,0,0.0,0.0,0,0,0,-,0,-,-,-,0.0,0.0
52424,28,김재혁,삼성,0.000,8,4,3,2,0,0,0,0,0,0,0,0,1,0,0,2,0,0.000,0.250,0.250,0,0.0,0.0,0,1,0,-,0,0.50,4.00,0.000,0.1,0.113
62360,28,김태훈,삼성,-,1,0,0,0,0,0,0,0,0,0,0,0,0,0,0,0,0,-,-,-,0,0.0,0.0,0,0,0,-,0,-,-,-,0.0,0.0
54460,28,김호진,삼성,-,1,0,0,0,0,0,0,0,0,0,0,0,0,0,0,0,0,-,-,-,0,0.0,0.0,0,0,0,-,0,-,-,-,0.0,0.0
53411,28,박진우,삼성,0.000,1,1,1,0,0,0,0,0,0,0,0,0,0,0,0,0,0,0.000,0.000,0.000,0,0.0,0.0,0,0,1,0.00,0,-,5.00,0.000,-0.1,0.0
55455,28,배찬승,삼성,-,2,0,0,0,0,0,0,0,0,0,0,0,0,0,0,0,0,-,-,-,0,0.0,0.0,0,0,0,-,0,-,-,-,0.0,0.0
68415,28,양창섭,삼성,-,1,0,0,0,0,0,0,0,0,0,0,0,0,0,0,0,0,-,-,-,0,0.0,0.0,0,0,0,-,0,-,-,-,0.0,0.0
54404,28,육선엽,삼성,-,2,0,0,0,0,0,0,0,0,0,0,0,0,0,0,0,0,-,-,-,0,0.0,0.0,0,0,0,-,0,-,-,-,0.0,0.0
60146,28,이승현,삼성,-,2,0,0,0,0,0,0,0,0,0,0,0,0,0,0,0,0,-,-,-,0,0.0,0.0,0,0,0,-,0,-,-,-,0.0,0.0
51460,28,이재희,삼성,-,1,0,0,0,0,0,0,0,0,0,0,0,0,0,0,0,0,-,-,-,0,0.0,0.0,0,0,0,-,0,-,-,-,0.0,0.0
53455,28,이호성,삼성,-,2,0,0,0,0,0,0,0,0,0,0,0,0,0,0,0,0,-,-,-,0,0.0,0.0,0,0,0,-,0,-,-,-,0.0,0.0
55435,28,차승준,삼성,0.000,1,1,1,0,0,0,0,0,0,0,0,0,0,0,0,0,0,0.000,0.000,0.000,0,0.0,0.0,0,0,1,0.00,0,-,10.00,0.000,-0.1,0.0
51903,1,김정호,NC,0.444,8,11,9,3,4,0,0,0,4,0,1,0,0,0,1,4,0,0.444,0.500,0.944,1,0.0,0.0,0,0,1,0.00,0,0.00,2.73,0.000,1.9,0.336
50902,2,김한별,NC,0.313,76,72,64,14,20,2,0,0,22,5,2,0,3,0,3,5,2,0.344,0.371,0.715,3,0.429,0.0,2,26,13,2.00,0,0.60,3.78,0.031,8.0,0.253
62907,3,박민우,NC,0.302,117,468,404,64,122,25,8,3,172,67,4,4,44,5,12,64,5,0.426,0.384,0.810,37,0.432,0.167,36,109,113,0.96,6,0.69,3.66,0.124,68.6,0.279
54944,4,데이비슨,NC,0.293,112,439,386,63,113,18,0,36,239,97,0,14,31,1,8,118,10,0.619,0.346,0.965,30,0.237,0.0,54,66,103,0.64,9,0.26,3.72,0.326,83.6,0.31
51907,5,김주원,NC,0.289,144,624,539,98,156,26,8,15,243,65,4,2,63,1,16,111,8,0.451,0.379,0.830,40,0.306,0.333,49,112,162,0.69,3,0.57,3.94,0.161,95.9,0.283
79215,6,박건우,NC,0.289,124,442,384,43,111,24,1,9,164,67,1,5,47,2,5,63,6,0.427,0.370,0.797,30,0.306,0.4,34,106,109,0.97,5,0.75,3.72,0.138,61.7,0.273
69992,7,최정원,NC,0.275,91,155,120,40,33,3,0,0,36,11,4,1,18,0,12,22,0,0.300,0.417,0.717,9,0.194,0.25,3,50,16,3.13,3,0.82,3.75,0.025,23.4,0.263
69995,8,서호철,NC,0.266,103,292,263,25,70,7,1,3,88,30,10,4,8,0,7,51,7,0.335,0.301,0.636,16,0.247,0.143,11,76,70,1.09,3,0.16,3.63,0.068,26.8,0.219
50906,9,박영빈,NC,0.250,16,5,4,8,1,0,0,0,1,1,0,0,1,0,0,2,0,0.250,0.400,0.650,0,1.0,0.0,0,0,1,0.00,0,0.50,4.20,0.000,0.6,0.243
51996,9,오태양,NC,0.250,14,13,12,6,3,0,0,0,3,1,0,0,1,0,0,3,0,0.250,0.308,0.558,0,0.75,0.0,0,6,0,-,0,0.33,3.85,0.000,1.0,0.201
63260,9,이우성,NC,0.250,105,337,300,28,75,22,1,3,108,33,1,3,31,0,2,66,8,0.360,0.321,0.681,19,0.213,0.385,26,91,71,1.28,1,0.47,3.79,0.110,34.4,0.234
51344,12,김휘집,NC,0.249,142,500,429,64,107,18,2,17,180,56,2,2,40,0,27,89,9,0.420,0.349,0.769,29,0.242,0.333,37,95,140,0.68,11,0.45,3.90,0.170,66.3,0.262
63963,13,권희동,NC,0.246,136,456,358,56,88,24,0,6,130,39,8,2,77,0,11,80,10,0.363,0.393,0.756,21,0.247,0.077,30,103,89,1.16,4,0.96,4.47,0.117,56.6,0.268
66606,14,최원준,NC,0.242,126,449,413,62,100,13,3,6,137,44,2,5,23,0,6,71,5,0.332,0.289,0.621,24,0.224,0.2,22,132,115,1.15,3,0.32,3.78,0.090,43.4,0.213
67905,15,천재환,NC,0.238,129,294,261,47,62,10,3,6,96,31,6,5,17,0,5,58,3,0.368,0.292,0.660,12,0.242,0.2,19,69,77,0.90,3,0.29,3.65,0.130,31.6,0.223
68904,16,오영수,NC,0.232,67,179,155,14,36,5,0,3,50,23,0,0,22,0,2,47,0,0.323,0.335,0.658,9,0.262,0.273,8,39,33,1.18,3,0.47,4.05,0.090,18.9,0.232
68912,17,김형준,NC,0.232,127,415,362,51,84,10,1,18,150,55,3,2,45,0,3,126,7,0.414,0.320,0.734,18,0.29,0.25,29,59,95,0.62,7,0.36,4.10,0.182,50.8,0.248
50996,18,박시원,NC,0.204,52,60,54,12,11,2,0,1,16,4,1,0,5,0,0,18,1,0.296,0.271,0.567,0,0.25,0.375,3,12,13,0.92,1,0.28,3.62,0.093,4.4,0.196
54908,19,고승완,NC,0.200,17,11,10,5,2,0,0,0,2,0,0,0,1,0,0,5,0,0.200,0.273,0.473,0,0.0,0.333,0,3,0,-,0,0.20,4.45,0.000,0.6,0.173
69203,19,송승환,NC,0.200,13,15,15,0,3,1,0,0,4,2,0,0,0,0,0,6,0,0.267,0.200,0.467,0,0.667,0.286,1,5,1,5.00,0,0.00,3.47,0.067,0.6,0.157
64101,21,한석현,NC,0.195,61,138,113,18,22,5,0,3,36,21,4,2,12,0,7,27,1,0.319,0.306,0.625,6,0.267,0.167,8,32,34,0.94,0,0.44,3.78,0.124,13.4,0.217
50903,22,한재환,NC,0.185,16,31,27,2,5,0,0,0,5,4,0,0,2,0,2,14,0,0.185,0.290,0.475,0,0.3,0.2,0,2,6,0.33,0,0.14,4.42,0.000,1.8,0.177
66965,23,도태훈,NC,0.182,61,98,77,9,14,4,1,1,23,8,6,0,7,0,8,16,2,0.299,0.315,0.614,2,0.2,0.0,6,25,22,1.14,0,0.44,3.60,0.117,8.7,0.217
50600,24,홍종표,NC,0.164,62,85,73,16,12,0,0,0,12,3,4,1,7,0,0,23,1,0.164,0.235,0.399,1,0.091,0.0,0,25,14,1.79,0,0.30,4.00,0.000,2.4,0.147
62244,25,박세혁,NC,0.163,48,93,86,8,14,3,0,2,23,10,0,1,5,0,1,28,4,0.267,0.215,0.482,3,0.219,0.091,5,17,28,0.61,3,0.18,3.96,0.105,3.9,0.164
64022,26,안중열,NC,0.143,33,60,49,2,7,3,0,0,10,6,1,0,8,0,2,15,0,0.204,0.288,0.492,0,0.182,0.0,3,15,12,1.25,1,0.53,4.03,0.061,3.7,0.181
53992,27,박한결,NC,0.118,8,19,17,2,2,0,0,2,8,3,0,0,2,0,0,8,0,0.471,0.211,0.682,0,0.25,0.0,2,2,5,0.40,0,0.25,4.26,0.353,2.1,0.213
69980,28,김범준,NC,0.000,1,1,1,0,0,0,0,0,0,0,0,0,0,0,0,1,0,0.000,0.000,0.000,0,0.0,0.0,0,0,0,-,0,0.00,5.00,0.000,-0.1,0.0
68900,28,김영규,NC,-,1,0,0,0,0,0,0,0,0,0,0,0,0,0,0,0,0,-,-,-,0,0.0,0.0,0,0,0,-,0,-,-,-,0.0,0.0
55995,28,김태훈,NC,-,1,0,0,0,0,0,0,0,0,0,0,0,0,0,0,0,0,-,-,-,0,0.0,0.0,0,0,0,-,0,-,-,-,0.0,0.0
65949,28,류진욱,NC,-,3,0,0,0,0,0,0,0,0,0,0,0,0,0,0,0,0,-,-,-,0,0.0,0.0,0,0,0,-,0,-,-,-,0.0,0.0
64995,28,배재환,NC,-,2,0,0,0,0,0,0,0,0,0,0,0,0,0,0,0,0,-,-,-,0,0.0,0.0,0,0,0,-,0,-,-,-,0.0,0.0
67962,28,소이현,NC,-,2,0,0,0,0,0,0,0,0,0,0,0,0,0,0,0,0,-,-,-,0,0.0,0.0,0,0,0,-,0,-,-,-,0.0,0.0
54904,28,손주환,NC,-,2,0,0,0,0,0,0,0,0,0,0,0,0,0,0,0,0,-,-,-,0,0.0,0.0,0,0,0,-,0,-,-,-,0.0,0.0
50901,28,안인산,NC,0.000,4,7,6,0,0,0,0,0,0,1,0,1,0,0,0,3,0,0.000,0.000,0.000,0,0.0,0.0,0,0,4,0.00,0,0.00,4.14,0.000,-0.2,0.0
69969,28,전사민,NC,-,1,0,0,0,0,0,0,0,0,0,0,0,0,0,0,0,0,-,-,-,0,0.0,0.0,0,0,0,-,0,-,-,-,0.0,0.0
68504,1,이호연,KT,0.343,32,75,70,8,24,7,0,1,34,8,1,0,3,0,1,14,2,0.486,0.378,0.864,5,0.3,0.389,8,24,8,3.00,0,0.21,3.40,0.143,10.9,0.292
52001,2,안현민,KT,0.334,112,482,395,72,132,19,4,22,225,80,0,3,75,5,9,72,4,0.570,0.448,1.018,38,0.333,0.0,45,93,101,0.92,7,1.04,4.20,0.235,97.5,0.344
64004,3,김민혁,KT,0.287,106,417,380,52,109,12,2,0,125,35,4,1,25,1,7,41,12,0.329,0.341,0.670,29,0.262,0.286,14,145,86,1.69,7,0.61,3.63,0.042,41.4,0.236
79240,4,허경민,KT,0.283,114,481,420,47,119,18,0,4,149,44,3,4,39,1,15,35,14,0.355,0.362,0.717,33,0.29,0.0,22,129,141,0.91,5,1.11,3.88,0.071,54.9,0.252
76313,5,황재균,KT,0.275,112,424,385,50,106,19,0,7,146,48,1,2,34,1,2,84,2,0.379,0.336,0.715,31,0.403,0.111,26,84,113,0.74,3,0.40,3.91,0.104,50.4,0.246
68050,6,강백호,KT,0.265,95,369,321,41,85,18,1,15,150,61,0,1,44,3,3,64,9,0.467,0.358,0.825,21,0.3,0.5,34,86,87,0.99,7,0.69,3.91,0.202,51.2,0.278
69056,7,박민석,KT,0.263,19,21,19,5,5,1,1,0,8,1,0,0,2,0,0,4,0,0.421,0.333,0.754,1,0.0,0.0,2,8,2,4.00,0,0.50,3.67,0.158,2.3,0.255
55013,8,스티븐슨,KT,0.262,39,168,149,26,39,12,0,3,60,14,1,0,14,0,4,43,2,0.403,0.341,0.744,12,0.258,0.0,15,38,29,1.31,0,0.33,3.93,0.141,20.5,0.254
67644,9,이정훈,KT,0.258,59,148,132,20,34,4,0,4,50,14,0,0,13,0,3,48,4,0.379,0.338,0.717,6,0.258,0.286,8,28,22,1.27,2,0.27,4.14,0.121,16.1,0.247
64504,10,오윤석,KT,0.256,77,184,156,30,40,8,1,0,50,19,8,1,12,0,7,41,4,0.321,0.335,0.656,8,0.302,0.3,9,45,31,1.45,0,0.29,4.01,0.064,17.2,0.231
79402,11,김상수,KT,0.254,113,423,355,42,90,14,0,5,119,47,5,7,52,1,4,57,8,0.335,0.349,0.684,20,0.287,0.25,19,106,109,0.97,6,0.91,4.11,0.082,47.5,0.241
78548,12,장성우,KT,0.247,129,480,413,44,102,13,0,14,157,58,2,8,55,1,2,96,13,0.380,0.333,0.713,25,0.191,0.25,27,86,137,0.63,8,0.57,4.01,0.133,55.5,0.245
67025,13,로하스,KT,0.239,95,384,331,48,79,20,0,14,141,43,0,4,48,3,1,71,9,0.426,0.333,0.759,18,0.227,0.167,34,82,103,0.80,11,0.68,4.02,0.187,48.2,0.256
67006,14,안치영,KT,0.227,47,56,44,9,10,1,0,1,14,6,4,1,4,0,3,13,1,0.318,0.327,0.645,1,0.308,0.0,2,12,10,1.20,1,0.31,3.93,0.091,4.9,0.227
51003,15,권동진,KT,0.225,123,309,271,34,61,12,3,1,82,25,6,1,30,0,1,91,8,0.303,0.304,0.607,12,0.27,0.5,16,66,54,1.22,1,0.33,4.08,0.077,24.5,0.213
64007,16,문상철,KT,0.214,79,209,173,22,37,6,1,5,60,20,3,3,25,0,5,44,3,0.347,0.325,0.672,6,0.178,0.25,12,44,51,0.86,1,0.57,3.96,0.133,22.6,0.233
66706,17,장진혁,KT,0.209,86,157,139,19,29,3,1,4,46,19,4,1,13,0,0,46,1,0.331,0.275,0.606,5,0.184,0.167,8,35,30,1.17,3,0.28,3.97,0.122,14.0,0.207
64115,18,장준원,KT,0.207,73,154,140,10,29,3,0,1,35,11,5,1,8,0,0,27,5,0.250,0.248,0.498,6,0.182,0.0,4,57,28,2.04,0,0.30,3.62,0.043,7.3,0.174
64166,19,배정대,KT,0.204,99,276,240,25,49,11,2,2,70,28,7,3,19,0,7,65,4,0.292,0.279,0.571,11,0.281,0.143,15,70,59,1.19,2,0.29,3.95,0.088,21.0,0.199
52002,20,김병준,KT,0.200,9,5,5,2,1,0,0,0,1,0,0,0,0,0,0,2,0,0.200,0.200,0.400,0,0.0,0.0,0,1,1,1.00,0,0.00,3.40,0.000,0.1,0.14
50066,21,강현우,KT,0.188,40,78,64,5,12,1,0,1,16,8,3,1,10,0,0,14,1,0.250,0.293,0.543,2,0.235,0.364,2,18,21,0.86,2,0.71,3.71,0.063,5.9,0.194
68089,22,조대현,KT,0.187,64,90,75,7,14,4,0,0,18,11,6,0,7,0,2,22,0,0.240,0.274,0.514,1,0.348,0.5,4,19,20,0.95,1,0.32,3.88,0.053,5.5,0.183
51013,23,유준규,KT,0.118,35,41,34,13,4,2,0,0,6,3,0,0,7,0,0,13,0,0.176,0.268,0.444,0,0.111,0.0,2,11,6,1.83,0,0.54,3.83,0.059,2.1,0.165
51007,24,최성민,KT,0.105,32,21,19,3,2,0,0,0,2,2,1,0,1,0,0,5,0,0.105,0.150,0.255,0,0.5,0.0,0,8,4,2.00,0,0.20,3.90,0.000,0.0,0.094
50092,25,윤준혁,KT,0.059,28,18,17,4,1,1,0,0,2,0,1,0,0,0,0,5,0,0.118,0.059,0.177,0,0.0,0.0,1,3,8,0.38,0,0.00,3.78,0.059,-0.5,0.056
69064,26,강민성,KT,0.033,25,36,30,0,1,0,0,0,1,1,0,1,5,0,0,15,1,0.033,0.167,0.200,0,0.0,0.0,0,4,11,0.36,0,0.33,4.75,0.000,-0.5,0.083
51005,27,김건형,KT,0.000,2,1,1,0,0,0,0,0,0,0,0,0,0,0,0,0,0,0.000,0.000,0.000,0,0.0,0.0,0,1,0,-,0,-,1.00,0.000,-0.1,0.0
54097,27,김민석,KT,-,2,0,0,0,0,0,0,0,0,0,0,0,0,0,0,0,0,-,-,-,0,0.0,0.0,0,0,0,-,0,-,-,-,0.0,0.0
65048,27,김민수,KT,-,1,0,0,0,0,0,0,0,0,0,0,0,0,0,0,0,0,-,-,-,0,0.0,0.0,0,0,0,-,0,-,-,-,0.0,0.0
55046,27,박건우,KT,-,2,0,0,0,0,0,0,0,0,0,0,0,0,0,0,0,0,-,-,-,0,0.0,0.0,0,0,0,-,0,-,-,-,0.0,0.0
73113,27,박경수,KT,-,1,0,0,0,0,0,0,0,0,0,0,0,0,0,0,0,0,-,-,-,0,0.0,0.0,0,0,0,-,0,-,-,-,0.0,0.0
52060,27,박영현,KT,-,5,0,0,0,0,0,0,0,0,0,0,0,0,0,0,0,0,-,-,-,0,0.0,0.0,0,0,0,-,0,-,-,-,0.0,0.0
69041,27,손동현,KT,-,1,0,0,0,0,0,0,0,0,0,0,0,0,0,0,0,0,-,-,-,0,0.0,0.0,0,0,0,-,0,-,-,-,0.0,0.0
64012,27,송민섭,KT,-,3,0,0,0,0,0,0,0,0,0,0,0,0,0,0,0,0,-,-,-,0,0.0,0.0,0,0,0,-,0,-,-,-,0.0,0.0
55005,27,오서진,KT,-,3,0,0,0,0,0,0,0,0,0,0,0,0,0,0,0,0,-,-,-,0,0.0,0.0,0,0,0,-,0,-,-,-,0.0,0.0
73117,27,우규민,KT,-,2,0,0,0,0,0,0,0,0,0,0,0,0,0,0,0,0,-,-,-,0,0.0,0.0,0,0,0,-,0,-,-,-,0.0,0.0
69054,27,이상동,KT,-,2,0,0,0,0,0,0,0,0,0,0,0,0,0,0,0,0,-,-,-,0,0.0,0.0,0,0,0,-,0,-,-,-,0.0,0.0
67048,27,이정현,KT,-,2,0,0,0,0,0,0,0,0,0,0,0,0,0,0,0,0,-,-,-,0,0.0,0.0,0,0,0,-,0,-,-,-,0.0,0.0
65060,27,주권,KT,-,2,0,0,0,0,0,0,0,0,0,0,0,0,0,0,0,0,-,-,-,0,0.0,0.0,0,0,0,-,0,-,-,-,0.0,0.0
79140,27,최동환,KT,-,1,0,0,0,0,0,0,0,0,0,0,0,0,0,0,0,0,-,-,-,0,0.0,0.0,0,0,0,-,0,-,-,-,0.0,0.0
55509,1,박건우,롯데,0.667,6,3,3,1,2,0,0,0,2,1,0,0,0,0,0,1,0,0.667,0.667,1.334,0,1.0,0.0,0,0,0,-,0,0.00,3.67,0.000,0.9,0.467
55530,2,박찬형,롯데,0.341,48,148,129,21,44,8,2,3,65,19,0,1,11,1,7,26,1,0.504,0.419,0.923,10,0.364,0.625,13,31,29,1.07,0,0.42,3.64,0.163,25.7,0.315
54529,3,레이예스,롯데,0.326,144,643,573,75,187,44,1,13,272,107,0,9,58,17,3,66,25,0.475,0.386,0.861,60,0.375,0.0,58,185,144,1.28,7,0.88,3.60,0.148,94.9,0.292
78513,4,전준우,롯데,0.293,114,472,410,50,120,26,1,8,172,70,3,6,44,2,9,71,9,0.420,0.369,0.789,29,0.359,0.25,35,98,127,0.77,11,0.62,3.70,0.127,64.0,0.271
68205,5,전민재,롯데,0.287,101,369,331,39,95,15,0,5,125,34,10,2,22,0,4,63,7,0.378,0.337,0.715,27,0.253,0.0,20,99,76,1.30,1,0.35,3.76,0.091,40.7,0.246
55563,6,박재엽,롯데,0.286,9,16,14,2,4,1,0,1,8,3,0,0,2,0,0,5,0,0.571,0.375,0.946,1,0.2,0.0,2,2,3,0.67,1,0.40,3.69,0.286,2.9,0.312
52591,7,윤동희,롯데,0.282,97,399,330,54,93,21,1,9,143,53,3,6,49,2,11,65,12,0.433,0.386,0.819,26,0.292,0.5,31,91,87,1.05,4,0.75,4.14,0.152,56.5,0.282
61102,8,유강남,롯데,0.274,110,350,303,35,83,18,0,5,116,38,3,5,26,0,13,66,11,0.383,0.352,0.735,18,0.204,0.417,23,87,72,1.21,3,0.39,3.97,0.109,41.0,0.254
52568,9,한태양,롯데,0.274,108,267,230,42,63,14,2,2,87,22,3,0,32,0,2,69,3,0.378,0.367,0.745,11,0.274,0.167,18,56,42,1.33,2,0.46,4.14,0.104,32.4,0.26
69517,10,고승민,롯데,0.271,121,538,469,71,127,21,2,4,164,45,6,4,56,1,3,83,8,0.350,0.350,0.700,36,0.241,0.0,27,126,137,0.92,6,0.67,4.00,0.079,60.8,0.245
62931,11,노진혁,롯데,0.270,28,69,63,11,17,1,2,1,25,5,0,0,5,0,1,20,0,0.397,0.333,0.730,2,0.188,0.267,4,9,17,0.53,0,0.25,4.13,0.127,8.5,0.249
68507,12,장두성,롯데,0.262,118,284,248,51,65,3,3,0,74,25,7,2,24,0,3,64,3,0.298,0.332,0.630,19,0.269,0.0,6,67,54,1.24,2,0.38,3.85,0.036,28.3,0.224
50500,13,황성빈,롯데,0.256,79,273,246,43,63,4,4,1,78,22,3,2,18,0,4,46,3,0.317,0.315,0.632,19,0.213,0.0,9,90,49,1.84,0,0.39,3.66,0.061,29.1,0.221
50150,14,손호영,롯데,0.250,97,375,328,39,82,12,0,4,106,41,11,4,22,0,10,66,9,0.323,0.313,0.636,24,0.321,0.0,16,83,101,0.82,4,0.33,3.59,0.073,35.5,0.222
77564,15,김민성,롯데,0.243,96,254,214,25,52,13,0,3,74,35,2,1,33,1,4,48,7,0.346,0.353,0.699,12,0.233,0.235,16,49,66,0.74,4,0.69,4.23,0.103,26.7,0.245
54598,16,이호준,롯데,0.242,99,153,132,20,32,7,4,3,56,23,3,1,14,0,3,33,3,0.424,0.327,0.751,6,0.313,0.0,14,32,36,0.89,3,0.42,3.83,0.182,18.6,0.253
51551,17,나승엽,롯데,0.229,105,392,328,40,75,12,2,9,118,44,3,1,55,2,5,65,10,0.360,0.347,0.707,13,0.275,0.571,23,87,102,0.85,11,0.85,4.16,0.131,43.4,0.246
52504,18,김동혁,롯데,0.225,93,114,89,19,20,4,1,0,26,6,4,0,18,0,3,26,3,0.292,0.373,0.665,4,0.235,0.0,5,29,14,2.07,1,0.69,3.88,0.067,12.3,0.241
60523,19,정훈,롯데,0.216,77,200,185,14,40,11,0,2,57,11,2,0,10,1,3,40,4,0.308,0.268,0.576,7,0.14,0.083,13,56,49,1.14,0,0.25,4.00,0.092,13.9,0.198
62802,20,박승욱,롯데,0.190,54,92,84,10,16,3,0,0,19,5,2,0,5,0,1,30,0,0.226,0.244,0.470,2,0.2,0.0,3,22,16,1.38,0,0.17,3.96,0.036,4.3,0.166
68518,21,정보근,롯데,0.186,93,152,129,4,24,4,1,1,33,15,4,0,18,1,1,39,4,0.256,0.291,0.547,3,0.293,0.0,6,40,26,1.54,2,0.46,3.86,0.070,9.6,0.195
69508,22,신윤후,롯데,0.167,12,13,12,1,2,0,0,0,2,0,1,0,0,0,0,3,0,0.167,0.167,0.334,0,0.0,0.0,0,3,4,0.75,0,0.00,3.31,0.000,0.3,0.117
62884,22,최항,롯데,0.167,8,7,6,1,1,0,0,0,1,1,0,0,1,0,0,4,0,0.167,0.286,0.453,0,0.25,0.0,0,0,1,0.00,0,0.25,4.43,0.000,0.4,0.17
51528,24,손성빈,롯데,0.145,51,69,62,6,9,0,0,1,12,3,2,0,4,0,1,20,1,0.194,0.209,0.403,0,0.125,0.0,1,16,17,0.94,0,0.20,3.83,0.048,1.9,0.143
52516,25,조세진,롯데,0.143,12,9,7,1,1,0,0,0,1,0,0,0,2,0,0,4,0,0.143,0.333,0.476,0,0.0,0.0,0,2,0,-,0,0.50,4.11,0.000,0.6,0.186
55506,26,한승현,롯데,0.059,19,19,17,1,1,0,0,0,1,1,0,1,1,0,0,6,0,0.059,0.105,0.164,0,0.0,0.0,0,6,5,1.20,0,0.17,3.47,0.000,-0.4,0.062
54567,27,강성우,롯데,-,1,0,0,0,0,0,0,0,0,0,0,0,0,0,0,0,0,-,-,-,0,0.0,0.0,0,0,0,-,0,-,-,-,-0.3,0.0
54506,27,강승구,롯데,0.000,1,1,1,0,0,0,0,0,0,0,0,0,0,0,0,0,0,0.000,0.000,0.000,0,0.0,0.0,0,1,0,-,0,-,1.00,0.000,-0.1,0.0
63543,27,구승민,롯데,-,1,0,0,0,0,0,0,0,0,0,0,0,0,0,0,0,0,-,-,-,0,0.0,0.0,0,0,0,-,0,-,-,-,0.0,0.0
65522,27,김강현,롯데,-,1,0,0,0,0,0,0,0,0,0,0,0,0,0,0,0,0,-,-,-,0,0.0,0.0,0,0,0,-,0,-,-,-,0.0,0.0
76430,27,김상수,롯데,-,1,0,0,0,0,0,0,0,0,0,0,0,0,0,0,0,0,-,-,-,0,0.0,0.0,0,0,0,-,0,-,-,-,0.0,0.0
62528,27,김원중,롯데,-,8,0,0,0,0,0,0,0,0,0,0,0,0,0,0,0,0,-,-,-,0,0.0,0.0,0,0,0,-,0,-,-,-,0.0,0.0
54503,27,박준우,롯데,-,1,0,0,0,0,0,0,0,0,0,0,0,0,0,0,0,0,-,-,-,0,0.0,0.0,0,0,0,-,0,-,-,-,0.0,0.0
69594,27,박진,롯데,-,1,0,0,0,0,0,0,0,0,0,0,0,0,0,0,0,0,-,-,-,0,0.0,0.0,0,0,0,-,0,-,-,-,0.0,0.0
67588,27,윤성빈,롯데,-,1,0,0,0,0,0,0,0,0,0,0,0,0,0,0,0,0,-,-,-,0,0.0,0.0,0,0,0,-,0,-,-,-,0.0,0.0
50608,27,이인한,롯데,-,4,0,0,0,0,0,0,0,0,0,0,0,0,0,0,0,0,-,-,-,0,0.0,0.0,0,0,0,-,0,-,-,-,0.0,0.0
55511,27,이태경,롯데,0.000,2,1,1,0,0,0,0,0,0,0,0,0,0,0,0,1,0,0.000,0.000,0.000,0,0.0,0.0,0,0,0,-,0,0.00,9.00,0.000,-0.1,0.0
68242,27,정철원,롯데,-,2,0,0,0,0,0,0,0,0,0,0,0,0,0,0,0,0,-,-,-,0,0.0,0.0,0,0,0,-,0,-,-,-,0.0,0.0
54537,27,정현수,롯데,-,3,0,0,0,0,0,0,0,0,0,0,0,0,0,0,0,0,-,-,-,0,0.0,0.0,0,0,0,-,0,-,-,-,0.0,0.0
66354,1,주효상,KIA,0.333,8,17,15,1,5,2,0,0,7,1,0,0,2,0,0,4,0,0.467,0.412,0.879,1,0.667,0.0,2,3,3,1.00,0,0.50,4.29,0.133,2.7,0.302
78603,2,김선빈,KIA,0.321,84,308,271,31,87,18,1,3,116,46,2,1,31,0,3,35,9,0.428,0.395,0.823,25,0.352,0.333,22,85,65,1.31,5,0.89,3.93,0.107,43.0,0.285
52605,3,김도영,KIA,0.309,30,122,110,20,34,9,0,7,64,27,0,2,10,1,0,23,3,0.582,0.361,0.943,10,0.294,1.0,16,22,33,0.67,5,0.43,3.64,0.273,22.0,0.308
72443,4,최형우,KIA,0.307,133,549,469,74,144,30,1,24,248,86,0,5,67,8,8,98,9,0.529,0.399,0.928,38,0.294,0.6,55,103,129,0.80,9,0.68,3.99,0.222,95.1,0.312
61353,5,고종욱,KIA,0.296,46,123,115,13,34,2,0,3,45,16,0,3,5,1,0,17,2,0.391,0.317,0.708,7,0.321,0.438,5,35,32,1.09,3,0.29,3.46,0.096,14.9,0.24
64646,6,박찬호,KIA,0.287,134,595,516,75,148,18,2,5,185,42,8,6,62,0,3,69,7,0.359,0.363,0.722,37,0.294,0.0,25,138,167,0.83,3,0.90,3.86,0.072,75.1,0.253
65653,7,김호령,KIA,0.283,105,381,332,46,94,26,3,6,144,39,8,1,34,0,6,94,4,0.434,0.359,0.793,26,0.27,0.0,35,55,90,0.61,1,0.36,3.80,0.151,52.5,0.27
52667,8,윤도현,KIA,0.275,40,160,149,24,41,7,2,6,70,17,2,0,8,0,1,36,1,0.470,0.316,0.786,12,0.296,0.0,15,35,37,0.95,1,0.22,3.63,0.195,21.6,0.26
67609,9,박정우,KIA,0.274,53,75,62,17,17,2,0,0,19,4,0,0,10,0,3,12,1,0.306,0.400,0.706,2,0.267,0.0,2,17,16,1.06,0,0.83,3.92,0.032,8.9,0.257
62947,10,나성범,KIA,0.268,82,310,261,30,70,16,0,10,116,36,0,1,42,1,6,79,6,0.444,0.381,0.825,16,0.257,0.4,26,52,61,0.85,4,0.53,4.14,0.176,44.5,0.282
69636,11,오선우,KIA,0.265,124,474,437,58,116,17,1,18,189,56,0,0,34,2,3,158,11,0.432,0.323,0.755,32,0.239,0.143,36,92,71,1.30,7,0.22,4.07,0.167,56.7,0.253
67610,12,김석환,KIA,0.265,47,134,117,14,31,1,2,2,42,16,0,1,14,0,2,55,0,0.359,0.351,0.710,7,0.345,0.625,5,22,10,2.20,3,0.25,4.51,0.094,16.3,0.248
55926,13,정현창,KIA,0.263,16,21,19,4,5,0,0,0,5,0,0,0,2,0,0,5,0,0.263,0.333,0.596,0,0.0,0.25,0,2,7,0.29,0,0.40,3.71,0.000,1.6,0.216
78122,14,김태군,KIA,0.258,100,274,236,20,61,10,1,5,88,31,8,3,17,1,10,20,9,0.373,0.331,0.704,16,0.278,0.0,16,78,80,0.98,3,0.85,3.50,0.114,29.2,0.242
63722,15,한승택,KIA,0.238,15,23,21,3,5,1,0,0,6,0,0,0,1,0,1,7,1,0.286,0.304,0.590,1,0.125,0.333,1,6,3,2.00,0,0.14,3.70,0.048,1.5,0.208
55645,16,위즈덤,KIA,0.236,119,486,424,73,100,20,1,35,227,85,0,6,52,2,4,142,9,0.535,0.321,0.856,25,0.207,0.2,56,67,121,0.55,5,0.37,4.39,0.300,75.8,0.278
66614,17,김규성,KIA,0.233,133,222,193,30,45,4,0,3,58,16,5,1,21,0,2,49,1,0.301,0.313,0.614,9,0.204,0.714,7,47,53,0.89,2,0.43,3.80,0.067,20.8,0.216
68646,18,한준수,KIA,0.225,103,276,244,33,55,12,1,7,90,26,0,3,26,1,3,48,4,0.369,0.304,0.673,11,0.197,0.261,20,59,85,0.69,4,0.54,3.94,0.143,29.3,0.229
69727,19,변우혁,KIA,0.218,47,153,142,11,31,7,0,0,38,17,0,0,10,0,1,47,3,0.268,0.275,0.543,9,0.311,0.2,7,28,36,0.78,3,0.21,3.95,0.049,9.3,0.191
50657,20,박민,KIA,0.202,71,105,94,11,19,5,0,1,27,6,3,0,5,0,3,33,1,0.287,0.265,0.552,4,0.211,0.25,6,19,23,0.83,0,0.15,3.78,0.085,7.2,0.191
65610,21,황대인,KIA,0.189,18,57,53,3,10,3,0,1,16,8,0,1,3,0,0,14,0,0.302,0.228,0.530,3,0.25,0.0,4,16,14,1.14,0,0.21,4.05,0.113,4.0,0.178
65464,22,최정용,KIA,0.167,4,6,6,0,1,0,0,0,1,0,0,0,0,0,0,2,1,0.167,0.167,0.334,0,0.0,0.0,0,1,2,0.50,0,0.00,3.67,0.000,-0.3,0.117
64560,23,이창진,KIA,0.161,37,113,93,11,15,3,0,1,21,9,1,1,16,0,2,22,2,0.226,0.295,0.521,2,0.143,0.5,4,28,29,0.97,2,0.73,4.27,0.065,7.1,0.189
78168,24,서건창,KIA,0.136,10,26,22,1,3,1,0,1,7,2,2,0,2,0,0,5,1,0.318,0.208,0.526,0,0.0,0.333,2,8,6,1.33,0,0.40,3.69,0.182,1.5,0.173
55637,25,박헌,KIA,0.083,8,14,12,0,1,0,0,0,1,0,0,0,1,0,1,3,0,0.083,0.214,0.297,0,0.0,0.0,0,4,4,1.00,0,0.33,4.07,0.000,0.2,0.117
55636,26,박재현,KIA,0.081,58,69,62,11,5,1,0,0,6,3,0,1,6,0,0,26,0,0.097,0.159,0.256,0,0.059,0.143,1,17,15,1.13,0,0.23,3.81,0.016,-0.4,0.096
53659,27,정해원,KIA,0.075,24,46,40,5,3,0,0,0,3,0,0,0,5,0,1,14,4,0.075,0.196,0.271,0,0.091,0.167,0,11,12,0.92,0,0.36,4.13,0.000,-1.4,0.107
69620,28,김기훈,KIA,0.000,2,1,1,0,0,0,0,0,0,0,0,0,0,0,0,1,0,0.000,0.000,0.000,0,0.0,0.0,0,0,0,-,0,0.00,3.00,0.000,-0.1,0.0
60337,28,김대유,KIA,-,1,0,0,0,0,0,0,0,0,0,0,0,0,0,0,0,0,-,-,-,0,0.0,0.0,0,0,0,-,0,-,-,-,0.0,0.0
68928,28,김시훈,KIA,-,4,0,0,0,0,0,0,0,0,0,0,0,0,0,0,0,0,-,-,-,0,0.0,0.0,0,0,0,-,0,-,-,-,0.0,0.0
69516,28,김현수,KIA,-,1,0,0,0,0,0,0,0,0,0,0,0,0,0,0,0,0,-,-,-,0,0.0,0.0,0,0,0,-,0,-,-,-,0.0,0.0
55632,28,이성원,KIA,-,1,0,0,0,0,0,0,0,0,0,0,0,0,0,0,0,0,-,-,-,0,0.0,0.0,0,0,0,-,0,-,-,-,0.0,0.0
65665,28,이준영,KIA,-,1,0,0,0,0,0,0,0,0,0,0,0,0,0,0,0,0,-,-,-,0,0.0,0.0,0,0,0,-,0,-,-,-,0.0,0.0
66609,28,전상현,KIA,-,1,0,0,0,0,0,0,0,0,0,0,0,0,0,0,0,0,-,-,-,0,0.0,0.0,0,0,0,-,0,-,-,-,0.0,0.0
50662,28,정해영,KIA,-,1,0,0,0,0,0,0,0,0,0,0,0,0,0,0,0,0,-,-,-,0,0.0,0.0,0,0,0,-,0,-,-,-,0.0,0.0
63342,28,조상우,KIA,-,2,0,0,0,0,0,0,0,0,0,0,0,0,0,0,0,0,-,-,-,0,0.0,0.0,0,0,0,-,0,-,-,-,0.0,0.0
51994,28,한재승,KIA,-,2,0,0,0,0,0,0,0,0,0,0,0,0,0,0,0,0,-,-,-,0,0.0,0.0,0,0,0,-,0,-,-,-,0.0,0.0
52641,28,황동하,KIA,-,3,0,0,0,0,0,0,0,0,0,0,0,0,0,0,0,0,-,-,-,0,0.0,0.0,0,0,0,-,0,-,-,-,0.0,0.0
50204,1,박지훈,두산,0.417,37,55,48,11,20,4,0,1,27,8,1,0,5,0,1,12,1,0.563,0.481,1.044,4,0.571,0.667,5,6,10,0.60,0,0.42,3.69,0.146,11.1,0.357
66233,2,홍성호,두산,0.346,9,27,26,3,9,1,0,2,16,3,0,0,1,1,0,8,0,0.615,0.370,0.985,3,0.25,0.333,3,2,7,0.29,1,0.13,3.96,0.269,5.3,0.32
76232,3,양의지,두산,0.337,130,517,454,56,153,27,1,20,242,89,0,6,50,6,7,63,10,0.533,0.406,0.939,44,0.375,0.5,48,94,150,0.63,5,0.79,3.71,0.196,91.6,0.316
51203,4,안재석,두산,0.319,35,147,135,25,43,16,1,4,73,20,1,0,11,1,0,27,3,0.541,0.370,0.911,15,0.5,0.0,21,27,38,0.71,4,0.41,3.63,0.222,23.4,0.302
55208,5,케이브,두산,0.299,136,593,538,72,161,28,6,16,249,87,0,8,43,1,4,116,7,0.463,0.351,0.814,52,0.31,0.0,50,129,140,0.92,7,0.37,3.78,0.164,89.1,0.274
55252,6,박준순,두산,0.284,91,298,282,34,80,11,2,4,107,19,2,3,10,1,1,56,6,0.379,0.307,0.686,19,0.246,0.0,17,82,67,1.22,4,0.18,3.33,0.096,32.4,0.233
54236,7,임종성,두산,0.277,33,89,83,7,23,4,0,2,33,11,1,1,3,0,1,26,1,0.398,0.307,0.705,4,0.333,1.0,6,17,18,0.94,3,0.12,3.74,0.120,10.2,0.238
64468,8,박계범,두산,0.263,94,198,175,23,46,9,2,1,62,27,7,1,14,0,1,45,4,0.354,0.319,0.673,9,0.345,0.3,12,56,29,1.93,2,0.31,3.96,0.091,19.5,0.232
50208,9,오명진,두산,0.263,107,371,331,38,87,14,4,4,121,41,7,3,27,1,3,94,3,0.366,0.321,0.687,22,0.235,0.25,22,89,64,1.39,3,0.29,3.65,0.103,40.1,0.236
79231,10,정수빈,두산,0.258,132,546,462,89,119,16,4,6,161,38,8,4,61,2,11,57,7,0.348,0.355,0.703,27,0.212,1.0,26,182,108,1.69,1,1.07,3.96,0.091,63.5,0.247
64153,11,양석환,두산,0.248,72,294,262,32,65,16,0,8,105,31,0,3,24,1,5,82,6,0.401,0.320,0.721,17,0.222,0.0,24,42,76,0.55,3,0.29,4.11,0.153,34.0,0.244
66112,12,김기연,두산,0.247,100,245,219,19,54,9,0,2,69,24,4,2,19,0,1,44,8,0.315,0.307,0.622,12,0.228,0.278,11,72,51,1.41,2,0.43,3.57,0.068,20.6,0.217
66209,13,조수행,두산,0.244,108,140,119,30,29,4,0,0,33,9,7,0,14,0,0,29,1,0.277,0.323,0.600,6,0.167,0.5,4,42,19,2.21,1,0.48,3.77,0.034,14.9,0.215
67207,14,이유찬,두산,0.242,89,311,269,36,65,8,1,1,78,16,6,1,33,0,2,66,4,0.290,0.328,0.618,11,0.194,0.0,10,72,67,1.07,1,0.50,4.02,0.048,29.4,0.22
78224,15,김재환,두산,0.241,103,407,344,42,83,13,2,13,139,50,0,2,57,3,4,96,4,0.404,0.354,0.758,19,0.253,0.0,28,73,94,0.78,6,0.59,3.87,0.163,53.8,0.26
52267,16,김동준,두산,0.237,36,100,93,8,22,3,0,2,31,10,1,0,5,0,1,30,2,0.333,0.283,0.616,3,0.259,0.333,5,22,19,1.16,1,0.17,3.38,0.097,8.1,0.211
63123,17,강승호,두산,0.236,115,400,360,51,85,19,3,8,134,37,2,3,24,2,11,113,7,0.372,0.302,0.674,19,0.224,0.333,30,85,80,1.06,3,0.21,3.79,0.136,42.0,0.229
53554,18,김민석,두산,0.228,95,247,228,21,52,7,3,1,68,21,2,3,12,1,2,62,3,0.298,0.269,0.567,12,0.254,0.118,11,59,58,1.02,5,0.19,3.82,0.070,18.4,0.196
66928,19,박준영,두산,0.225,41,126,111,9,25,8,0,1,36,10,1,1,10,0,3,32,1,0.324,0.304,0.628,6,0.179,0.0,9,19,36,0.53,0,0.31,3.97,0.099,12.2,0.218
68362,20,추재현,두산,0.222,34,87,81,7,18,3,1,1,26,7,2,0,3,0,1,17,2,0.321,0.259,0.580,3,0.111,0.286,5,29,17,1.71,1,0.18,3.89,0.099,6.0,0.197
63257,21,김인태,두산,0.213,106,225,183,17,39,10,1,3,60,25,0,1,36,0,5,57,2,0.328,0.356,0.684,4,0.25,0.341,14,42,46,0.91,3,0.63,4.36,0.115,24.9,0.242
55226,22,김준상,두산,0.200,9,17,15,1,3,1,0,0,4,0,1,0,0,0,1,8,0,0.267,0.250,0.517,1,0.0,0.0,1,3,1,3.00,0,0.00,3.65,0.067,1.0,0.179
69238,23,김대한,두산,0.194,16,37,36,1,7,0,0,1,10,5,0,0,1,0,0,6,0,0.278,0.216,0.494,2,0.167,0.0,1,13,10,1.30,0,0.17,3.70,0.083,1.8,0.167
55224,24,이선우,두산,0.182,10,11,11,0,2,1,0,0,3,0,0,0,0,0,0,2,0,0.273,0.182,0.455,0,0.0,0.333,1,3,4,0.75,0,0.00,4.36,0.091,0.4,0.15
54219,25,류현준,두산,0.136,17,22,22,2,3,0,0,0,3,1,0,0,0,0,0,6,1,0.136,0.136,0.272,0,0.143,0.25,0,11,2,5.50,0,0.00,3.18,0.000,-0.6,0.095
65269,26,김민혁,두산,0.118,10,21,17,2,2,0,0,1,5,1,0,0,4,0,0,6,0,0.294,0.286,0.580,0,0.0,0.0,1,3,6,0.50,0,0.67,3.86,0.176,1.9,0.202
54205,27,여동건,두산,0.105,19,21,19,6,2,0,0,0,2,2,0,0,2,0,0,2,1,0.105,0.190,0.295,0,0.333,0.333,0,11,4,2.75,0,1.00,3.76,0.000,-0.6,0.112
54214,28,전다민,두산,0.083,22,12,12,5,1,0,0,0,1,0,0,0,0,0,0,0,1,0.083,0.083,0.166,0,0.5,0.0,0,6,5,1.20,0,-,3.25,0.000,-0.3,0.058
51269,29,강현구,두산,0.000,1,2,2,0,0,0,0,0,0,0,0,0,0,0,0,1,0,0.000,0.000,0.000,0,0.0,0.0,0,1,0,-,0,0.00,4.00,0.000,-0.2,0.0
72523,29,고효준,두산,-,1,0,0,0,0,0,0,0,0,0,0,0,0,0,0,0,0,-,-,-,0,0.0,0.0,0,0,0,-,0,-,-,-,0.0,0.0
55216,29,김성재,두산,0.000,1,1,1,0,0,0,0,0,0,0,0,0,0,0,0,0,0,0.000,0.000,0.000,0,0.0,0.0,0,1,0,-,0,-,3.00,0.000,-0.1,0.0
74206,29,김재호,두산,-,1,0,0,0,0,0,0,0,0,0,0,0,0,0,0,0,0,-,-,-,0,0.0,0.0,0,0,0,-,0,-,-,-,0.0,0.0
68830,29,김정우,두산,-,1,0,0,0,0,0,0,0,0,0,0,0,0,0,0,0,0,-,-,-,0,0.0,0.0,0,0,0,-,0,-,-,-,0.0,0.0
54263,29,김택연,두산,-,5,0,0,0,0,0,0,0,0,0,0,0,0,0,0,0,0,-,-,-,0,0.0,0.0,0,0,0,-,0,-,-,-,0.0,0.0
55221,29,김한중,두산,-,1,0,0,0,0,0,0,0,0,0,0,0,0,0,0,0,0,-,-,-,0,0.0,0.0,0,0,0,-,0,-,-,-,0.0,0.0
68269,29,김호준,두산,-,1,0,0,0,0,0,0,0,0,0,0,0,0,0,0,0,0,-,-,-,0,0.0,0.0,0,0,0,-,0,-,-,-,0.0,0.0
53204,29,박민준,두산,0.000,7,2,2,0,0,0,0,0,0,0,0,0,0,0,0,1,0,0.000,0.000,0.000,0,0.0,0.0,0,0,1,0.00,0,0.00,4.00,0.000,-0.2,0.0
51298,29,박성재,두산,0.000,6,7,7,0,0,0,0,0,0,0,0,0,0,0,0,5,0,0.000,0.000,0.000,0,0.0,0.0,0,0,2,0.00,0,0.00,3.86,0.000,-0.7,0.0
68249,29,박신지,두산,-,1,0,0,0,0,0,0,0,0,0,0,0,0,0,0,0,0,-,-,-,0,0.0,0.0,0,0,0,-,0,-,-,-,0.0,0.0
67266,29,박치국,두산,-,1,0,0,0,0,0,0,0,0,0,0,0,0,0,0,0,0,-,-,-,0,0.0,0.0,0,0,0,-,0,-,-,-,0.0,0.0
55215,29,양재훈,두산,-,1,0,0,0,0,0,0,0,0,0,0,0,0,0,0,0,0,-,-,-,0,0.0,0.0,0,0,0,-,0,-,-,-,0.0,0.0
66291,29,이영하,두산,-,1,0,0,0,0,0,0,0,0,0,0,0,0,0,0,0,0,-,-,-,0,0.0,0.0,0,0,0,-,0,-,-,-,0.0,0.0
63202,29,장승현,두산,0.000,4,2,2,0,0,0,0,0,0,0,0,0,0,0,0,0,1,0.000,0.000,0.000,0,0.0,0.0,0,2,0,-,0,-,3.00,0.000,-0.6,0.0
52208,29,천현재,두산,0.000,3,3,3,0,0,0,0,0,0,0,0,0,0,0,0,0,1,0.000,0.000,0.000,0,0.0,0.0,0,3,0,-,0,-,3.33,0.000,-0.6,0.0
67263,29,최원준,두산,-,1,0,0,0,0,0,0,0,0,0,0,0,0,0,0,0,0,-,-,-,0,0.0,0.0,0,0,0,-,0,-,-,-,0.0,0.0
55267,29,홍민규,두산,-,2,0,0,0,0,0,0,0,0,0,0,0,0,0,0,0,0,-,-,-,0,0.0,0.0,0,0,0,-,0,-,-,-,0.0,0.0
54305,1,이재상,키움,0.5,2,2,2,0,1,0,0,0,1,0,0,0,0,0,0,1,0,0.5,0.5,1.0,0,0.0,0.0,0,0,0,-,0,0.0,3.0,0.0,0.4,0.35
65357,2,송성문,키움,0.315,144,646,574,103,181,37,4,26,304,90,0,3,68,5,1,96,6,0.53,0.387,0.917,53,0.372,0.333,67,139,161,0.86,8,0.71,3.79,0.214,114.9,0.307
51302,3,이주형,키움,0.313,11,17,16,2,5,0,0,0,5,2,0,0,1,0,0,7,0,0.313,0.353,0.666,1,0.6,0.143,0,2,2,1.00,0,0.14,3.88,0.0,1.8,0.237
76267,4,최주환,키움,0.275,120,506,459,45,126,31,1,12,195,74,0,6,36,2,5,66,8,0.425,0.33,0.755,33,0.291,0.5,44,112,161,0.70,6,0.55,4.07,0.15,64.2,0.255
53344,5,김동헌,키움,0.268,49,91,82,8,22,3,0,0,25,8,0,1,7,0,1,23,0,0.305,0.33,0.635,3,0.292,0.6,3,21,17,1.24,0,0.3,4.42,0.037,9.2,0.225
68305,6,변상권,키움,0.263,12,20,19,2,5,2,0,0,7,4,0,1,0,0,0,2,0,0.368,0.25,0.618,0,0.333,0.167,2,8,5,1.60,0,0.0,3.45,0.105,2.0,0.205
54444,7,카디네스,키움,0.253,86,361,320,33,81,15,1,7,119,42,0,3,32,2,6,67,7,0.372,0.33,0.702,21,0.284,0.0,23,79,96,0.82,1,0.48,3.37,0.119,39.7,0.242
50304,8,김병휘,키움,0.25,7,6,4,2,1,0,0,0,1,0,0,0,2,0,0,1,0,0.25,0.5,0.75,0,0.0,0.0,0,0,2,0.00,0,2.0,5.67,0.0,0.9,0.288
69332,8,주성원,키움,0.25,58,174,156,21,39,6,0,1,48,12,0,1,13,0,4,45,2,0.308,0.322,0.63,10,0.212,0.3,7,36,37,0.97,1,0.29,3.95,0.058,17.0,0.222
64340,10,임지열,키움,0.244,102,417,369,51,90,14,2,11,141,50,1,3,42,0,2,111,11,0.382,0.322,0.704,19,0.31,0.6,27,89,82,1.09,3,0.38,3.91,0.138,46.0,0.24
53312,11,김건희,키움,0.242,105,344,322,24,78,20,2,3,111,25,7,2,13,0,0,102,10,0.345,0.27,0.615,19,0.224,0.2,25,91,53,1.72,3,0.13,3.93,0.102,26.3,0.208
55326,12,스톤,키움,0.241,22,93,87,4,21,0,0,2,27,15,0,1,5,0,0,24,2,0.31,0.28,0.59,6,0.286,1.0,2,19,24,0.79,1,0.21,3.99,0.069,7.6,0.204
50167,13,이주형,키움,0.24,127,514,446,55,107,22,1,11,164,45,3,0,37,2,28,115,7,0.368,0.337,0.705,28,0.257,0.222,34,131,93,1.41,5,0.32,3.75,0.128,59.6,0.244
78756,14,오선진,키움,0.238,99,163,143,15,34,8,0,1,45,19,4,1,12,0,3,45,2,0.315,0.308,0.623,8,0.313,0.0,9,40,25,1.60,5,0.27,4.22,0.077,14.4,0.217
55392,15,어준서,키움,0.238,116,360,324,48,77,9,1,6,106,27,3,1,30,1,2,75,10,0.327,0.305,0.632,20,0.222,0.182,16,89,84,1.06,3,0.4,3.95,0.09,31.6,0.219
64346,16,임병욱,키움,0.233,52,140,133,12,31,4,3,2,47,13,1,1,5,0,0,33,3,0.353,0.259,0.612,6,0.29,0.222,9,41,29,1.41,0,0.15,3.73,0.12,11.6,0.205
64984,17,김태진,키움,0.233,94,304,279,27,65,11,2,5,95,25,2,3,20,1,0,53,6,0.341,0.281,0.622,15,0.156,0.214,18,79,85,0.93,0,0.38,3.8,0.108,26.6,0.212
55397,18,전태현,키움,0.231,77,207,182,20,42,5,0,0,47,10,3,2,20,0,0,59,2,0.258,0.304,0.562,8,0.282,0.267,5,37,46,0.80,0,0.34,4.45,0.027,16.7,0.201
50357,19,박주홍,키움,0.226,102,283,248,33,56,11,3,3,82,23,2,2,30,0,1,72,5,0.331,0.31,0.641,12,0.219,0.182,17,57,65,0.88,3,0.42,4.18,0.105,28.2,0.222
66838,20,김동엽,키움,0.222,9,29,27,2,6,2,0,0,8,2,0,0,2,0,0,11,1,0.296,0.276,0.572,2,0.5,0.0,2,3,7,0.43,0,0.18,4.14,0.074,1.8,0.198
54344,21,고영우,키움,0.217,14,26,23,4,5,1,0,0,6,2,1,0,2,0,0,6,2,0.261,0.28,0.541,1,0.3,0.0,1,7,5,1.40,0,0.33,3.5,0.043,1.0,0.191
74163,22,이용규,키움,0.216,14,41,37,7,8,1,0,0,9,0,1,0,3,0,0,8,1,0.243,0.275,0.518,2,0.143,0.0,1,14,7,2.00,0,0.38,3.76,0.027,2.4,0.185
52366,23,푸이그,키움,0.212,40,172,156,17,33,2,0,6,53,20,0,0,12,0,4,38,1,0.34,0.285,0.625,9,0.256,0.0,8,35,50,0.70,3,0.32,3.76,0.128,16.3,0.213
55339,24,염승원,키움,0.211,11,21,19,2,4,0,0,0,4,1,0,1,1,0,0,6,0,0.211,0.238,0.449,0,0.0,0.0,0,8,2,4.00,0,0.17,3.76,0.0,1.3,0.16
62332,25,김재현,키움,0.208,62,128,120,12,25,5,0,0,30,5,4,0,1,0,3,31,1,0.25,0.234,0.484,5,0.132,0.0,5,46,18,2.56,1,0.03,3.48,0.042,6.1,0.168
78135,26,이형종,키움,0.2,33,82,70,4,14,3,0,2,23,6,2,0,9,0,1,22,3,0.329,0.3,0.629,1,0.2,0.222,5,21,13,1.62,0,0.41,4.07,0.129,6.9,0.217
62925,27,강진성,키움,0.182,6,13,11,1,2,0,0,0,2,1,0,0,2,0,0,1,2,0.182,0.308,0.49,1,0.2,0.0,0,7,1,7.00,1,2.0,3.46,0.0,0.1,0.184
54394,28,송지후,키움,0.175,33,86,80,5,14,3,0,1,20,8,0,1,3,0,2,18,3,0.25,0.221,0.471,3,0.154,0.0,4,25,24,1.04,0,0.17,3.76,0.075,3.2,0.162
54307,29,원성준,키움,0.174,24,53,46,5,8,1,0,2,15,4,0,0,7,0,0,18,1,0.326,0.283,0.609,3,0.333,0.2,3,10,10,1.00,0,0.39,4.09,0.152,4.5,0.209
52305,30,박수종,키움,0.143,38,45,42,6,6,0,0,1,9,2,0,0,3,0,0,12,0,0.214,0.2,0.414,2,0.083,0.0,1,12,12,1.00,0,0.25,4.18,0.071,1.8,0.144
75566,30,이원석,키움,0.143,5,8,7,1,1,0,0,0,1,0,0,0,1,0,0,2,1,0.143,0.250,0.393,0,0.0,0.0,0,2,2,1.00,0,0.50,4.25,0.000,-0.1,0.148
51359,30,장재영,키움,0.143,10,16,14,1,2,0,0,0,2,2,0,0,2,0,0,7,0,0.143,0.250,0.393,0,0.333,0.0,0,2,3,0.67,0,0.29,3.63,0.000,0.7,0.148
55393,33,여동욱,키움,0.132,28,61,53,6,7,1,0,2,14,2,1,0,7,0,0,21,2,0.264,0.233,0.497,0,0.0,0.286,3,12,13,0.92,0,0.33,4.07,0.132,3.0,0.171
55371,34,권혁빈,키움,0.100,22,24,20,1,2,0,0,0,2,1,2,0,2,0,0,7,1,0.100,0.182,0.282,0,0.0,0.0,0,4,7,0.57,0,0.29,3.79,0.000,-0.3,0.107
65898,35,김웅빈,키움,0.083,10,31,24,1,2,0,0,0,2,0,1,0,6,0,0,7,2,0.083,0.267,0.350,0,0.0,0.0,0,6,9,0.67,0,0.86,4.23,0.000,0.3,0.141
55370,35,양현종,키움,0.083,12,14,12,1,1,0,0,0,1,0,0,0,2,0,0,5,0,0.083,0.214,0.297,0,0.0,0.0,0,2,4,0.50,0,0.40,4.50,0.000,0.2,0.117
53301,37,박윤성,키움,-,3,0,0,0,0,0,0,0,0,0,0,0,0,0,0,0,0,-,-,-,0,0.0,0.0,0,0,0,-,0,-,-,-,0.0,0.0
55394,37,박정훈,키움,-,1,0,0,0,0,0,0,0,0,0,0,0,0,0,0,0,0,-,-,-,0,0.0,0.0,0,0,0,-,0,-,-,-,0.0,0.0
69328,37,박주성,키움,-,2,0,0,0,0,0,0,0,0,0,0,0,0,0,0,0,0,-,-,-,0,0.0,0.0,0,0,0,-,0,-,-,-,0.0,0.0
53309,37,서유신,키움,0.000,6,8,7,0,0,0,0,0,0,0,0,0,1,0,0,4,0,0.000,0.125,0.125,0,0.0,0.0,0,2,1,2.00,0,0.25,4.38,0.000,-0.3,0.056
69045,37,알칸타라,키움,-,1,0,0,0,0,0,0,0,0,0,0,0,0,0,0,0,0,-,-,-,0,0.0,0.0,0,0,0,-,0,-,-,-,0.0,0.0
53302,37,이승원,키움,0.000,1,2,2,0,0,0,0,0,0,0,0,0,0,0,0,0,0,0.000,0.000,0.000,0,0.0,0.0,0,0,2,0.00,0,-,2.50,0.000,-0.2,0.0
55301,37,이준우,키움,-,1,0,0,0,0,0,0,0,0,0,0,0,0,0,0,0,0,-,-,-,0,0.0,0.0,0,0,0,-,0,-,-,-,0.0,0.0
52330,37,주승우,키움,-,2,0,0,0,0,0,0,0,0,0,0,0,0,0,0,0,0,-,-,-,0,0.0,0.0,0,0,0,-,0,-,-,-,0.0,0.0
